"rowNum";"dateTime";"Count";"event"
"19338";"2005-01-18 10:12:43";"2";"2368"
"19343";"2005-01-19 00:16:30";"2";"2374"
"19347";"2005-01-19 00:36:23";"2";"2379"
"19351";"2005-01-19 01:16:46";"2";"2383"
"19355";"2005-01-19 01:53:32";"2";"2387"
"19359";"2005-01-19 02:26:44";"2";"2391"
"19363";"2005-01-19 03:31:34";"2";"2396"
"19368";"2005-01-19 07:29:37";"2";"2402"
"19407";"2005-01-20 02:19:57";"2";"2443"
"19411";"2005-01-20 05:05:00";"2";"2448"
"19415";"2005-01-20 06:06:03";"2";"2452"
"19546";"2005-01-25 05:39:16";"2";"2607"
"19551";"2005-01-25 08:52:07";"2";"2613"
"19558";"2005-01-26 00:32:10";"2";"2622"
"19562";"2005-01-26 00:44:36";"2";"2626"
"19566";"2005-01-26 01:13:10";"2";"2633"
"19570";"2005-01-26 01:48:51";"2";"2638"
"19574";"2005-01-26 02:56:37";"2";"2643"
"19579";"2005-01-26 09:36:45";"2";"2651"
"19585";"2005-01-27 01:54:27";"2";"2657"
"19592";"2005-01-27 19:34:01";"2";"2665"
"19596";"2005-01-27 22:57:16";"2";"2670"
"20999";"2004-10-24 13:46:22";"2";"1823"
"21004";"2004-10-24 14:57:00";"2";"1828"
"21009";"2004-10-24 15:40:24";"2";"1833"
"21014";"2004-10-24 16:37:53";"2";"1840"
"21018";"2004-10-24 18:55:26";"2";"1844"
"21022";"2004-10-25 17:21:52";"2";"1851"
"21026";"2004-10-25 20:47:01";"2";"1857"
"21031";"2004-10-26 00:23:42";"2";"1863"
"21035";"2004-10-26 13:44:56";"2";"1868"
"21039";"2004-10-26 16:28:59";"2";"1876"
"21044";"2004-10-26 19:50:43";"2";"1882"
"21054";"2004-10-26 22:11:55";"2";"1895"
"21058";"2004-10-26 22:42:24";"2";"1902"
"21063";"2004-10-27 01:10:47";"2";"1909"
"21067";"2004-10-27 05:15:31";"2";"1914"
"21071";"2004-10-27 21:44:23";"2";"1922"
"21076";"2004-10-28 02:33:24";"2";"1930"
"21080";"2004-10-28 04:02:20";"2";"1934"
"21086";"2004-10-28 05:24:51";"2";"1942"
"21092";"2004-10-28 16:20:00";"2";"1952"
"21098";"2004-10-28 21:10:34";"2";"1961"
"21103";"2004-10-28 23:30:56";"2";"1968"
"21109";"2004-10-29 18:14:00";"2";"1976"
"21114";"2004-10-31 00:54:56";"2";"1983"
"21122";"2004-10-31 22:17:26";"2";"1991"
"21127";"2004-11-01 16:14:06";"2";"1999"
"21131";"2004-11-01 16:58:32";"2";"2004"
"21137";"2004-11-01 18:54:20";"2";"2011"
"21141";"2004-11-01 20:07:36";"2";"2016"
"21146";"2004-11-01 20:32:43";"2";"2022"
"21150";"2004-11-01 20:45:28";"2";"2026"
"21154";"2004-11-02 01:03:58";"2";"2033"
"163758";"2005-01-28 03:06:38";"2";"3570"
"163775";"2005-01-19 06:16:11";"2";"3536"
"163780";"2005-01-21 04:34:52";"2";"3541"
"163784";"2005-01-21 04:50:03";"2";"3545"
"163788";"2005-01-21 19:32:04";"2";"3551"
"163792";"2005-01-22 05:26:36";"2";"3555"
"163796";"2005-01-26 06:59:16";"2";"3559"
"163801";"2005-01-28 19:25:59";"2";"3580"
"163808";"2005-01-28 23:08:52";"2";"3585"
"163813";"2005-01-28 23:31:26";"2";"3590"
"163817";"2005-01-28 23:49:50";"2";"3594"
"163821";"2005-01-28 23:53:36";"2";"3598"
"163829";"2005-01-29 03:41:18";"2";"3602"
"163849";"2005-01-30 05:54:55";"2";"3607"
"163855";"2005-01-31 00:59:16";"2";"3614"
"163870";"2005-01-31 17:32:18";"2";"3620"
"163877";"2005-02-01 23:59:14";"2";"3627"
"163891";"2005-02-02 20:09:30";"2";"3634"
"163895";"2005-02-02 22:44:08";"2";"3638"
"163900";"2005-02-02 23:52:43";"2";"3643"
"163904";"2005-02-02 23:55:59";"2";"3647"
"163911";"2005-02-03 01:07:03";"2";"3653"
"163920";"2005-02-04 00:26:34";"2";"3661"
"163940";"2005-02-05 18:48:39";"2";"3672"
"163958";"2005-02-07 00:29:31";"2";"3680"
"163976";"2005-02-08 01:25:32";"2";"3687"
"163985";"2005-02-08 23:22:07";"2";"3693"
"163993";"2005-02-10 00:56:20";"2";"3700"
"163997";"2005-02-10 05:16:45";"2";"3704"
"164016";"2005-02-10 21:44:04";"2";"3708"
"164020";"2005-02-11 03:08:26";"2";"3712"
"164049";"2005-02-12 21:32:34";"2";"3717"
"164056";"2005-02-13 01:06:22";"2";"3725"
"164094";"2005-02-15 04:07:01";"2";"3733"
"164168";"2005-02-18 16:50:48";"2";"3760"
"164183";"2005-02-20 20:19:09";"2";"3775"
"26217";"2004-10-24 19:24:37";"2";"435"
"164190";"2005-02-21 06:43:31";"2";"3782"
"26221";"2004-10-25 12:41:27";"2";"440"
"164223";"2005-02-22 19:12:42";"2";"3815"
"26225";"2004-10-25 19:34:26";"2";"444"
"164232";"2005-02-24 04:07:14";"2";"3824"
"26230";"2004-10-26 11:52:15";"2";"449"
"164238";"2005-02-24 19:07:41";"2";"3830"
"26234";"2004-10-27 10:42:18";"2";"455"
"164245";"2005-02-26 10:57:38";"2";"3837"
"26238";"2004-10-28 07:48:07";"2";"459"
"164249";"2005-02-26 19:05:07";"2";"3841"
"26242";"2004-10-28 09:56:36";"2";"463"
"164254";"2005-02-26 19:52:37";"2";"3846"
"26246";"2004-10-28 10:01:37";"2";"467"
"164258";"2005-02-26 23:15:30";"2";"3851"
"26250";"2004-10-28 11:57:03";"2";"472"
"164262";"2005-02-27 20:02:05";"2";"3855"
"26254";"2004-10-28 14:16:17";"2";"478"
"164267";"2005-03-01 00:12:41";"2";"3860"
"26258";"2004-10-28 17:51:49";"2";"483"
"164273";"2005-03-02 21:44:45";"2";"3866"
"26262";"2004-10-28 18:37:13";"2";"488"
"164278";"2005-03-03 20:11:54";"2";"3871"
"26268";"2004-10-29 09:31:43";"2";"494"
"164282";"2005-03-03 21:30:26";"2";"3876"
"26272";"2004-10-29 15:16:39";"2";"499"
"26276";"2004-11-01 09:54:09";"2";"504"
"26280";"2004-11-01 13:38:39";"2";"510"
"26284";"2004-11-01 13:56:52";"2";"514"
"26288";"2004-11-01 14:13:28";"2";"518"
"26292";"2004-11-01 15:56:12";"2";"522"
"26297";"2004-11-01 18:29:09";"2";"527"
"26301";"2004-11-01 21:20:32";"2";"533"
"99451";"2005-01-25 22:18:40";"2";"3684"
"99456";"2005-01-26 03:46:46";"2";"3690"
"99460";"2005-01-26 04:56:46";"2";"3696"
"99464";"2005-01-26 05:18:54";"2";"3700"
"99469";"2005-01-26 06:20:07";"2";"3705"
"99474";"2005-01-26 09:49:45";"2";"3710"
"99481";"2005-01-26 19:51:43";"2";"3717"
"99485";"2005-01-26 23:19:57";"2";"3721"
"99490";"2005-01-27 00:40:09";"2";"3727"
"99495";"2005-01-27 00:59:30";"2";"3732"
"99501";"2005-01-27 02:17:42";"2";"3740"
"99506";"2005-01-27 04:53:34";"2";"3746"
"99511";"2005-01-27 05:37:57";"2";"3752"
"99515";"2005-01-27 08:24:54";"2";"3757"
"99522";"2005-01-27 22:58:31";"2";"3765"
"99527";"2005-01-28 02:14:19";"2";"3771"
"99532";"2005-01-28 04:07:42";"2";"3776"
"99536";"2005-01-28 04:32:12";"2";"3780"
"29079";"2004-09-11 08:39:10";"2";"436"
"29088";"2004-09-11 16:01:54";"2";"446"
"29095";"2004-09-12 07:32:19";"2";"453"
"29101";"2004-09-13 06:21:00";"2";"459"
"29106";"2004-09-13 13:39:07";"2";"464"
"29111";"2004-09-13 22:46:16";"2";"469"
"29116";"2004-09-13 22:46:36";"2";"474"
"29121";"2004-09-14 06:04:00";"2";"480"
"29127";"2004-09-15 10:53:18";"2";"486"
"29549";"2004-10-15 20:08:16";"2";"950"
"165084";"2005-04-16 23:51:14";"2";"4703"
"29554";"2004-10-16 05:59:57";"2";"958"
"165088";"2005-04-17 03:05:04";"2";"4707"
"29563";"2004-10-16 22:08:47";"2";"967"
"29568";"2004-10-17 00:12:45";"2";"972"
"29572";"2004-10-17 03:42:26";"2";"976"
"29577";"2004-10-17 10:23:18";"2";"982"
"29583";"2004-10-17 20:42:21";"2";"989"
"29588";"2004-10-18 02:39:00";"2";"995"
"29593";"2004-10-18 22:11:01";"2";"1001"
"29598";"2004-10-19 02:09:16";"2";"1006"
"29605";"2004-10-20 02:17:38";"2";"1013"
"29611";"2004-10-20 23:00:10";"2";"1021"
"29616";"2004-10-21 12:05:19";"2";"1026"
"29621";"2004-10-21 21:38:10";"2";"1031"
"29626";"2004-10-21 21:38:29";"2";"1036"
"29630";"2004-10-21 21:38:49";"2";"1040"
"29634";"2004-10-21 23:01:57";"2";"1044"
"29639";"2004-10-22 13:26:58";"2";"1049"
"29643";"2004-10-22 13:27:19";"2";"1053"
"29647";"2004-10-22 13:27:40";"2";"1057"
"29652";"2004-10-22 21:43:08";"2";"1062"
"29657";"2004-10-22 21:48:24";"2";"1067"
"29661";"2004-10-22 21:48:46";"2";"1071"
"29666";"2004-10-23 12:43:42";"2";"1076"
"29672";"2004-10-23 19:00:10";"2";"1084"
"29677";"2004-10-23 22:30:01";"2";"1091"
"29683";"2004-10-24 18:53:32";"2";"1098"
"29688";"2004-10-24 19:10:54";"2";"1103"
"29692";"2004-10-24 20:15:22";"2";"1107"
"29699";"2004-10-24 22:05:06";"2";"1115"
"29706";"2004-10-25 12:41:45";"2";"1122"
"29711";"2004-10-25 21:36:43";"2";"1127"
"29715";"2004-10-25 21:37:05";"2";"1131"
"29721";"2004-10-26 06:52:38";"2";"1137"
"29727";"2004-10-26 17:16:17";"2";"1143"
"29732";"2004-10-26 17:16:39";"2";"1148"
"29737";"2004-10-27 13:25:12";"2";"1153"
"29741";"2004-10-27 13:25:32";"2";"1157"
"29745";"2004-10-27 13:25:53";"2";"1161"
"29749";"2004-10-27 13:26:14";"2";"1165"
"29753";"2004-10-27 13:26:35";"2";"1169"
"29758";"2004-10-27 16:19:08";"2";"1174"
"29762";"2004-10-27 17:24:57";"2";"1178"
"29766";"2004-10-28 02:56:23";"2";"1182"
"29772";"2004-10-28 18:19:54";"2";"1188"
"29776";"2004-10-28 18:20:17";"2";"1192"
"29780";"2004-10-28 18:20:38";"2";"1196"
"29784";"2004-10-28 18:50:22";"2";"1200"
"29795";"2004-10-29 00:30:20";"2";"1216"
"29799";"2004-10-29 00:40:24";"2";"1220"
"29804";"2004-10-29 00:40:51";"2";"1225"
"29809";"2004-10-29 01:15:31";"2";"1230"
"29814";"2004-10-30 00:23:08";"2";"1235"
"29819";"2004-10-30 00:23:29";"2";"1240"
"29823";"2004-10-30 00:23:51";"2";"1244"
"29830";"2004-10-30 14:55:53";"2";"1251"
"29835";"2004-10-30 14:56:18";"2";"1256"
"29839";"2004-10-30 14:56:39";"2";"1260"
"29843";"2004-10-30 14:56:59";"2";"1264"
"29847";"2004-10-30 14:57:19";"2";"1268"
"29851";"2004-10-30 15:10:09";"2";"1272"
"29860";"2004-10-30 15:33:40";"2";"1282"
"29867";"2004-10-30 17:47:54";"2";"1290"
"29871";"2004-10-30 20:36:41";"2";"1296"
"31234";"2004-09-11 16:19:36";"2";"298"
"31238";"2004-09-11 16:48:21";"2";"303"
"31242";"2004-09-11 18:24:02";"2";"308"
"31246";"2004-09-13 00:13:52";"2";"315"
"31250";"2004-09-13 01:15:57";"2";"320"
"31254";"2004-09-13 15:46:41";"2";"326"
"31260";"2004-09-14 02:57:38";"2";"332"
"31265";"2004-09-15 01:48:42";"2";"337"
"31269";"2004-09-15 17:52:31";"2";"342"
"31274";"2004-09-16 14:02:13";"2";"349"
"31279";"2004-09-16 22:15:49";"2";"354"
"31284";"2004-09-17 18:56:46";"2";"361"
"31288";"2004-09-18 21:20:19";"2";"368"
"31292";"2004-09-19 00:41:34";"2";"375"
"164287";"2005-03-04 02:33:13";"2";"3881"
"164300";"2005-03-04 17:38:13";"2";"3894"
"164318";"2005-03-05 19:41:14";"2";"3912"
"164322";"2005-03-05 22:11:57";"2";"3916"
"164326";"2005-03-06 18:44:11";"2";"3921"
"164331";"2005-03-06 22:10:05";"2";"3926"
"164356";"2005-03-08 02:25:57";"2";"3951"
"164382";"2005-03-08 23:02:54";"2";"3977"
"164386";"2005-03-08 23:22:25";"2";"3982"
"164392";"2005-03-09 00:05:42";"2";"3989"
"164397";"2005-03-09 17:29:20";"2";"3994"
"164402";"2005-03-09 17:43:53";"2";"3999"
"164406";"2005-03-09 18:12:42";"2";"4003"
"164410";"2005-03-09 19:01:42";"2";"4008"
"164415";"2005-03-09 22:44:11";"2";"4014"
"164421";"2005-03-10 17:27:03";"2";"4021"
"164428";"2005-03-11 18:35:22";"2";"4029"
"164434";"2005-03-11 23:20:23";"2";"4035"
"164439";"2005-03-12 16:49:07";"2";"4040"
"164445";"2005-03-12 19:35:14";"2";"4047"
"164450";"2005-03-13 17:16:18";"2";"4052"
"164456";"2005-03-13 23:39:29";"2";"4058"
"164460";"2005-03-14 03:14:02";"2";"4062"
"164464";"2005-03-15 03:06:28";"2";"4066"
"164468";"2005-03-15 23:13:24";"2";"4070"
"164472";"2005-03-15 23:44:45";"2";"4074"
"164476";"2005-03-16 00:17:45";"2";"4078"
"164480";"2005-03-16 00:47:21";"2";"4082"
"164484";"2005-03-16 01:03:18";"2";"4086"
"164488";"2005-03-16 01:04:24";"2";"4090"
"164492";"2005-03-16 01:07:10";"2";"4094"
"164496";"2005-03-16 01:07:42";"2";"4098"
"164500";"2005-03-16 01:07:54";"2";"4102"
"164504";"2005-03-16 01:19:08";"2";"4106"
"164508";"2005-03-16 01:21:53";"2";"4110"
"164512";"2005-03-16 01:22:08";"2";"4114"
"164516";"2005-03-16 01:22:33";"2";"4118"
"164520";"2005-03-16 01:23:38";"2";"4122"
"164524";"2005-03-16 01:37:07";"2";"4126"
"164528";"2005-03-16 02:17:56";"2";"4130"
"164532";"2005-03-16 02:18:19";"2";"4134"
"164536";"2005-03-16 02:42:23";"2";"4138"
"164540";"2005-03-16 02:42:55";"2";"4142"
"164544";"2005-03-16 03:03:02";"2";"4146"
"164548";"2005-03-16 03:03:34";"2";"4150"
"164553";"2005-03-16 23:21:45";"2";"4155"
"164557";"2005-03-17 21:58:44";"2";"4159"
"164562";"2005-03-18 00:25:48";"2";"4164"
"164567";"2005-03-18 00:28:29";"2";"4170"
"164572";"2005-03-18 03:42:54";"2";"4175"
"164577";"2005-03-18 04:36:00";"2";"4180"
"164581";"2005-03-18 05:03:40";"2";"4184"
"164586";"2005-03-18 20:37:59";"2";"4194"
"164591";"2005-03-19 00:42:39";"2";"4199"
"164595";"2005-03-19 00:51:53";"2";"4203"
"164599";"2005-03-19 01:04:14";"2";"4207"
"164603";"2005-03-19 01:05:28";"2";"4211"
"164607";"2005-03-19 01:20:59";"2";"4215"
"164611";"2005-03-19 01:31:48";"2";"4219"
"164615";"2005-03-19 01:32:03";"2";"4223"
"164619";"2005-03-19 01:32:59";"2";"4227"
"164623";"2005-03-19 01:38:27";"2";"4231"
"164627";"2005-03-19 01:39:36";"2";"4235"
"164631";"2005-03-19 01:40:05";"2";"4239"
"164639";"2005-03-19 21:47:39";"2";"4247"
"164644";"2005-03-20 00:50:04";"2";"4252"
"164649";"2005-03-20 05:20:34";"2";"4257"
"164655";"2005-03-21 04:38:49";"2";"4263"
"164659";"2005-03-21 06:29:25";"2";"4267"
"164671";"2005-03-22 01:11:08";"2";"4279"
"164676";"2005-03-22 20:31:31";"2";"4284"
"164681";"2005-03-23 02:32:49";"2";"4289"
"164690";"2005-03-23 14:40:28";"2";"4298"
"164695";"2005-03-24 20:07:33";"2";"4304"
"164699";"2005-03-25 00:24:45";"2";"4308"
"164706";"2005-03-27 18:33:31";"2";"4316"
"164711";"2005-03-28 01:48:44";"2";"4321"
"164717";"2005-03-28 19:19:59";"2";"4327"
"164722";"2005-03-28 22:17:25";"2";"4332"
"164730";"2005-03-29 02:43:49";"2";"4340"
"164741";"2005-03-29 17:35:07";"2";"4351"
"29133";"2004-09-15 13:04:35";"2";"492"
"164745";"2005-03-29 18:12:37";"2";"4355"
"29138";"2004-09-15 21:17:08";"2";"497"
"164749";"2005-03-29 22:51:25";"2";"4359"
"29142";"2004-09-16 21:20:45";"2";"502"
"164753";"2005-03-29 23:34:04";"2";"4364"
"29149";"2004-09-16 22:08:41";"2";"509"
"164757";"2005-03-30 01:01:36";"2";"4368"
"29153";"2004-09-17 16:42:01";"2";"513"
"164763";"2005-03-30 23:53:00";"2";"4375"
"29158";"2004-09-17 16:47:19";"2";"519"
"164767";"2005-03-31 00:03:15";"2";"4379"
"29162";"2004-09-17 17:08:54";"2";"523"
"164772";"2005-03-31 03:14:50";"2";"4384"
"29168";"2004-09-18 00:15:47";"2";"529"
"164777";"2005-04-02 00:41:59";"2";"4389"
"29176";"2004-09-18 18:11:04";"2";"537"
"164781";"2005-04-02 19:07:02";"2";"4393"
"29182";"2004-09-18 23:25:58";"2";"544"
"164785";"2005-04-03 02:43:40";"2";"4397"
"29186";"2004-09-19 00:31:46";"2";"549"
"164790";"2005-04-03 03:27:24";"2";"4402"
"29190";"2004-09-19 11:53:42";"2";"554"
"164794";"2005-04-03 04:29:36";"2";"4406"
"29195";"2004-09-19 16:47:27";"2";"559"
"164810";"2005-04-03 18:45:22";"2";"4423"
"29200";"2004-09-19 22:12:02";"2";"567"
"164816";"2005-04-04 00:27:00";"2";"4430"
"29206";"2004-09-19 23:34:24";"2";"574"
"164821";"2005-04-04 17:07:31";"2";"4435"
"29211";"2004-09-20 18:32:34";"2";"580"
"164825";"2005-04-04 21:02:10";"2";"4439"
"29215";"2004-09-20 21:47:26";"2";"584"
"164829";"2005-04-05 02:53:35";"2";"4443"
"29219";"2004-09-20 21:51:28";"2";"588"
"164833";"2005-04-05 02:53:47";"2";"4447"
"29228";"2004-09-21 21:25:30";"2";"599"
"164838";"2005-04-05 06:17:20";"2";"4452"
"29233";"2004-09-22 12:13:54";"2";"605"
"164843";"2005-04-06 01:03:36";"2";"4458"
"29238";"2004-09-22 12:14:14";"2";"610"
"164847";"2005-04-06 01:03:51";"2";"4462"
"29242";"2004-09-22 12:14:35";"2";"614"
"164851";"2005-04-06 01:43:56";"2";"4466"
"29249";"2004-09-22 22:08:15";"2";"621"
"164855";"2005-04-06 01:45:05";"2";"4470"
"29255";"2004-09-23 11:28:12";"2";"627"
"164859";"2005-04-06 02:08:51";"2";"4474"
"29259";"2004-09-23 11:28:29";"2";"631"
"164863";"2005-04-06 02:10:00";"2";"4478"
"29268";"2004-09-23 18:57:16";"2";"640"
"164867";"2005-04-06 02:20:27";"2";"4482"
"29273";"2004-09-23 19:49:23";"2";"645"
"164871";"2005-04-06 02:21:34";"2";"4486"
"29279";"2004-09-24 12:26:18";"2";"651"
"164875";"2005-04-06 02:32:42";"2";"4490"
"29287";"2004-09-24 20:30:47";"2";"662"
"164879";"2005-04-06 02:48:39";"2";"4494"
"29295";"2004-09-25 00:09:40";"2";"668"
"164883";"2005-04-06 03:10:54";"2";"4498"
"29302";"2004-09-25 13:27:34";"2";"675"
"164887";"2005-04-06 03:11:11";"2";"4502"
"29311";"2004-09-25 18:38:30";"2";"685"
"164891";"2005-04-06 03:28:24";"2";"4506"
"29315";"2004-09-25 19:07:31";"2";"689"
"164895";"2005-04-06 03:29:33";"2";"4511"
"29319";"2004-09-25 19:35:15";"2";"693"
"164899";"2005-04-06 03:45:29";"2";"4514"
"29324";"2004-09-25 20:23:53";"2";"701"
"164903";"2005-04-06 03:57:41";"2";"4518"
"29329";"2004-09-26 14:14:58";"2";"707"
"164907";"2005-04-06 04:13:44";"2";"4522"
"29335";"2004-09-26 16:22:24";"2";"713"
"164911";"2005-04-06 04:14:58";"2";"4526"
"29344";"2004-09-26 19:02:09";"2";"722"
"164915";"2005-04-06 04:27:20";"2";"4530"
"29352";"2004-09-26 21:04:39";"2";"730"
"164919";"2005-04-06 04:28:30";"2";"4534"
"29358";"2004-09-27 12:13:21";"2";"736"
"164923";"2005-04-06 04:44:58";"2";"4538"
"29362";"2004-09-27 12:13:41";"2";"740"
"164927";"2005-04-06 04:45:24";"2";"4542"
"29368";"2004-09-28 12:15:51";"2";"746"
"164931";"2005-04-06 04:55:26";"2";"4546"
"29374";"2004-09-28 18:30:36";"2";"753"
"164935";"2005-04-06 04:56:28";"2";"4550"
"29380";"2004-09-28 21:39:10";"2";"760"
"164939";"2005-04-06 23:36:34";"2";"4554"
"29385";"2004-09-28 22:01:33";"2";"766"
"164943";"2005-04-06 23:36:47";"2";"4558"
"29390";"2004-09-29 12:45:43";"2";"771"
"164947";"2005-04-06 23:37:20";"2";"4562"
"29399";"2004-09-30 01:55:14";"2";"780"
"164951";"2005-04-07 03:01:22";"2";"4566"
"29405";"2004-09-30 23:23:03";"2";"787"
"164956";"2005-04-08 01:11:45";"2";"4571"
"29409";"2004-10-02 17:03:27";"2";"792"
"164962";"2005-04-08 05:44:10";"2";"4577"
"29413";"2004-10-02 17:25:52";"2";"796"
"164967";"2005-04-08 20:59:38";"2";"4582"
"29417";"2004-10-02 17:33:06";"2";"801"
"164971";"2005-04-09 02:33:21";"2";"4586"
"29421";"2004-10-02 23:18:13";"2";"807"
"164975";"2005-04-09 02:34:15";"2";"4590"
"29426";"2004-10-03 16:53:02";"2";"812"
"164979";"2005-04-09 02:43:12";"2";"4594"
"29431";"2004-10-03 21:17:43";"2";"818"
"164983";"2005-04-09 02:43:24";"2";"4598"
"29439";"2004-10-04 16:58:49";"2";"827"
"164987";"2005-04-09 02:44:17";"2";"4602"
"29447";"2004-10-04 21:33:50";"2";"835"
"164991";"2005-04-09 03:14:25";"2";"4606"
"29454";"2004-10-05 19:36:41";"2";"844"
"164996";"2005-04-11 22:49:02";"2";"4611"
"29460";"2004-10-06 12:38:14";"2";"850"
"165000";"2005-04-11 22:49:13";"2";"4615"
"29464";"2004-10-06 16:21:47";"2";"855"
"165006";"2005-04-12 06:21:51";"2";"4621"
"29470";"2004-10-06 23:06:55";"2";"864"
"165014";"2005-04-13 03:05:13";"2";"4629"
"29475";"2004-10-07 20:19:43";"2";"869"
"165020";"2005-04-15 19:22:28";"2";"4636"
"29479";"2004-10-07 20:20:04";"2";"873"
"165025";"2005-04-15 23:20:08";"2";"4641"
"29485";"2004-10-08 05:19:35";"2";"879"
"165029";"2005-04-16 00:33:05";"2";"4645"
"29493";"2004-10-08 18:51:55";"2";"888"
"165033";"2005-04-16 00:43:52";"2";"4649"
"29499";"2004-10-08 21:41:54";"2";"895"
"165037";"2005-04-16 01:09:21";"2";"4653"
"29503";"2004-10-10 19:42:43";"2";"899"
"165041";"2005-04-16 01:11:13";"2";"4657"
"29508";"2004-10-11 12:37:52";"2";"904"
"165045";"2005-04-16 01:25:02";"2";"4661"
"29513";"2004-10-11 17:46:50";"2";"909"
"165049";"2005-04-16 01:25:17";"2";"4665"
"29517";"2004-10-11 19:40:12";"2";"913"
"165053";"2005-04-16 01:38:43";"2";"4669"
"29521";"2004-10-11 23:52:27";"2";"917"
"165057";"2005-04-16 03:16:25";"2";"4673"
"29525";"2004-10-12 13:59:00";"2";"922"
"165062";"2005-04-16 04:17:45";"2";"4678"
"29531";"2004-10-13 21:58:41";"2";"929"
"165067";"2005-04-16 15:58:24";"2";"4683"
"29536";"2004-10-14 21:13:44";"2";"934"
"165072";"2005-04-16 16:23:32";"2";"4688"
"29540";"2004-10-14 22:00:50";"2";"938"
"165076";"2005-04-16 19:33:56";"2";"4694"
"29544";"2004-10-15 00:30:58";"2";"943"
"165080";"2005-04-16 20:02:40";"2";"4699"
"19339";"2005-01-18 23:39:44";"2";"2369"
"19344";"2005-01-19 00:17:48";"2";"2375"
"19348";"2005-01-19 00:36:55";"2";"2380"
"19352";"2005-01-19 01:22:29";"2";"2384"
"19356";"2005-01-19 01:55:32";"2";"2388"
"19360";"2005-01-19 02:27:16";"2";"2392"
"19364";"2005-01-19 06:11:28";"2";"2397"
"19369";"2005-01-19 07:39:26";"2";"2404"
"19408";"2005-01-20 02:21:32";"2";"2444"
"19412";"2005-01-20 05:05:50";"2";"2449"
"19543";"2005-01-25 04:42:59";"2";"2604"
"19548";"2005-01-25 07:27:39";"2";"2609"
"19555";"2005-01-25 20:39:36";"2";"2618"
"19559";"2005-01-26 00:40:17";"2";"2623"
"19563";"2005-01-26 00:44:44";"2";"2628"
"19567";"2005-01-26 01:13:42";"2";"2635"
"19571";"2005-01-26 02:30:15";"2";"2640"
"19575";"2005-01-26 03:12:01";"2";"2645"
"19580";"2005-01-26 10:26:50";"2";"2652"
"19586";"2005-01-27 01:57:12";"2";"2658"
"19593";"2005-01-27 21:32:50";"2";"2666"
"19597";"2005-01-28 03:33:44";"2";"2672"
"21000";"2004-10-24 14:32:52";"2";"1824"
"21005";"2004-10-24 14:59:26";"2";"1829"
"21011";"2004-10-24 15:55:55";"2";"1835"
"21015";"2004-10-24 18:49:30";"2";"1841"
"21019";"2004-10-24 19:18:08";"2";"1845"
"21023";"2004-10-25 17:32:18";"2";"1852"
"21027";"2004-10-25 20:47:16";"2";"1858"
"21032";"2004-10-26 00:31:24";"2";"1864"
"21036";"2004-10-26 14:35:23";"2";"1870"
"21040";"2004-10-26 18:04:42";"2";"1877"
"21045";"2004-10-26 20:07:33";"2";"1884"
"21055";"2004-10-26 22:26:06";"2";"1897"
"21060";"2004-10-27 00:47:55";"2";"1904"
"21064";"2004-10-27 01:11:49";"2";"1910"
"21068";"2004-10-27 13:22:43";"2";"1916"
"21072";"2004-10-27 21:49:04";"2";"1924"
"21077";"2004-10-28 03:15:22";"2";"1931"
"21083";"2004-10-28 04:55:35";"2";"1937"
"21087";"2004-10-28 05:39:40";"2";"1944"
"21093";"2004-10-28 17:50:41";"2";"1954"
"21099";"2004-10-28 21:38:36";"2";"1963"
"21104";"2004-10-28 23:35:39";"2";"1969"
"21110";"2004-10-29 21:24:26";"2";"1977"
"21115";"2004-10-31 00:56:05";"2";"1984"
"21123";"2004-10-31 22:59:08";"2";"1993"
"21128";"2004-11-01 16:50:21";"2";"2001"
"21132";"2004-11-01 16:59:33";"2";"2005"
"21138";"2004-11-01 18:55:10";"2";"2012"
"21142";"2004-11-01 20:28:37";"2";"2018"
"21147";"2004-11-01 20:32:56";"2";"2023"
"21151";"2004-11-01 20:45:44";"2";"2028"
"163755";"2005-01-28 01:19:26";"2";"3565"
"163760";"2005-01-28 04:19:15";"2";"3573"
"163777";"2005-01-20 06:10:28";"2";"3538"
"163781";"2005-01-21 04:38:14";"2";"3542"
"163785";"2005-01-21 04:50:46";"2";"3546"
"163789";"2005-01-21 19:34:02";"2";"3552"
"163793";"2005-01-26 05:52:34";"2";"3556"
"163797";"2005-01-26 07:01:21";"2";"3560"
"163803";"2005-01-28 21:34:51";"2";"3578"
"163810";"2005-01-28 23:18:21";"2";"3587"
"163814";"2005-01-28 23:31:34";"2";"3591"
"163818";"2005-01-28 23:50:22";"2";"3595"
"163822";"2005-01-29 00:05:39";"2";"3599"
"163846";"2005-01-30 00:34:22";"2";"3604"
"163850";"2005-01-30 06:04:07";"2";"3608"
"163856";"2005-01-31 04:40:58";"2";"3615"
"163871";"2005-01-31 21:21:47";"2";"3622"
"163878";"2005-02-02 00:00:45";"2";"3628"
"163892";"2005-02-02 21:49:37";"2";"3635"
"163896";"2005-02-02 23:04:15";"2";"3639"
"163901";"2005-02-02 23:52:44";"2";"3644"
"163906";"2005-02-03 00:07:01";"2";"3649"
"163912";"2005-02-03 01:19:15";"2";"3655"
"163933";"2005-02-04 22:03:01";"2";"3665"
"163941";"2005-02-05 19:01:24";"2";"3673"
"163952";"2005-02-05 20:58:28";"2";"3677"
"163959";"2005-02-07 00:33:12";"2";"3681"
"163978";"2005-02-08 06:18:08";"2";"3690"
"163987";"2005-02-09 03:11:01";"2";"3695"
"163994";"2005-02-10 00:58:37";"2";"3701"
"163998";"2005-02-10 05:17:15";"2";"3705"
"164017";"2005-02-11 02:07:50";"2";"3709"
"164034";"2005-02-12 05:33:08";"2";"3714"
"164053";"2005-02-12 22:49:31";"2";"3721"
"164057";"2005-02-13 01:15:23";"2";"3726"
"164098";"2005-02-16 16:08:52";"2";"3736"
"164165";"2005-02-18 16:10:58";"2";"3757"
"164169";"2005-02-19 21:00:04";"2";"3761"
"164184";"2005-02-20 20:49:30";"2";"3776"
"26218";"2004-10-25 07:39:14";"2";"436"
"164191";"2005-02-21 07:02:46";"2";"3783"
"26222";"2004-10-25 15:33:53";"2";"441"
"164224";"2005-02-22 22:08:27";"2";"3816"
"26226";"2004-10-25 20:28:23";"2";"445"
"164234";"2005-02-24 15:22:55";"2";"3826"
"26231";"2004-10-26 12:02:18";"2";"451"
"164242";"2005-02-25 20:57:56";"2";"3834"
"26235";"2004-10-27 17:34:48";"2";"456"
"164246";"2005-02-26 12:03:22";"2";"3838"
"26239";"2004-10-28 09:55:22";"2";"460"
"164251";"2005-02-26 19:10:04";"2";"3843"
"26243";"2004-10-28 09:57:26";"2";"464"
"164255";"2005-02-26 22:45:21";"2";"3848"
"26247";"2004-10-28 10:02:59";"2";"468"
"164259";"2005-02-27 19:59:44";"2";"3852"
"26251";"2004-10-28 12:11:39";"2";"473"
"164264";"2005-02-28 20:57:57";"2";"3857"
"26255";"2004-10-28 15:00:03";"2";"479"
"164270";"2005-03-02 19:57:52";"2";"3863"
"26259";"2004-10-28 18:25:10";"2";"485"
"164274";"2005-03-02 21:47:19";"2";"3867"
"26263";"2004-10-29 08:59:15";"2";"489"
"164279";"2005-03-03 20:36:46";"2";"3872"
"26269";"2004-10-29 09:35:54";"2";"495"
"26273";"2004-10-31 12:53:21";"2";"500"
"26277";"2004-11-01 13:22:16";"2";"506"
"26281";"2004-11-01 13:39:37";"2";"511"
"26285";"2004-11-01 14:02:19";"2";"515"
"26289";"2004-11-01 14:27:44";"2";"519"
"26293";"2004-11-01 18:05:26";"2";"523"
"26298";"2004-11-01 18:30:11";"2";"528"
"26302";"2004-11-01 21:27:14";"2";"534"
"99452";"2005-01-25 22:34:33";"2";"3685"
"99457";"2005-01-26 03:49:01";"2";"3691"
"99461";"2005-01-26 05:10:58";"2";"3697"
"99465";"2005-01-26 05:20:56";"2";"3701"
"99470";"2005-01-26 06:27:49";"2";"3706"
"99477";"2005-01-26 16:11:45";"2";"3713"
"99482";"2005-01-26 20:13:08";"2";"3718"
"99486";"2005-01-26 23:20:32";"2";"3722"
"99491";"2005-01-27 00:45:50";"2";"3728"
"99496";"2005-01-27 01:01:31";"2";"3734"
"99502";"2005-01-27 02:45:52";"2";"3741"
"99507";"2005-01-27 05:08:53";"2";"3747"
"99512";"2005-01-27 05:40:12";"2";"3753"
"99519";"2005-01-27 17:53:45";"2";"3762"
"99523";"2005-01-28 00:05:13";"2";"3766"
"99529";"2005-01-28 02:55:02";"2";"3773"
"99533";"2005-01-28 04:08:08";"2";"3777"
"99537";"2005-01-28 04:32:56";"2";"3781"
"29080";"2004-09-11 08:39:16";"2";"437"
"29090";"2004-09-11 18:02:32";"2";"448"
"29097";"2004-09-13 06:20:41";"2";"455"
"29102";"2004-09-13 06:21:03";"2";"460"
"29107";"2004-09-13 13:39:15";"2";"465"
"29112";"2004-09-13 22:46:21";"2";"470"
"29117";"2004-09-13 22:46:41";"2";"475"
"29123";"2004-09-14 09:21:19";"2";"482"
"29128";"2004-09-15 10:53:20";"2";"487"
"29551";"2004-10-15 20:41:34";"2";"954"
"165085";"2005-04-17 00:22:55";"2";"4704"
"29557";"2004-10-16 14:19:36";"2";"961"
"165089";"2005-04-17 03:06:28";"2";"4708"
"29565";"2004-10-16 22:38:16";"2";"969"
"29569";"2004-10-17 01:04:17";"2";"973"
"29573";"2004-10-17 03:43:33";"2";"977"
"29580";"2004-10-17 15:20:05";"2";"985"
"29584";"2004-10-17 20:42:52";"2";"990"
"29589";"2004-10-18 02:49:09";"2";"997"
"29594";"2004-10-18 22:11:06";"2";"1002"
"29599";"2004-10-19 17:22:56";"2";"1007"
"29607";"2004-10-20 20:45:44";"2";"1015"
"29612";"2004-10-20 23:04:07";"2";"1022"
"29617";"2004-10-21 12:05:24";"2";"1027"
"29623";"2004-10-21 21:38:14";"2";"1033"
"29627";"2004-10-21 21:38:34";"2";"1037"
"29631";"2004-10-21 21:38:54";"2";"1041"
"29635";"2004-10-22 13:16:47";"2";"1045"
"29640";"2004-10-22 13:27:03";"2";"1050"
"29644";"2004-10-22 13:27:25";"2";"1054"
"29648";"2004-10-22 13:27:46";"2";"1058"
"29653";"2004-10-22 21:48:09";"2";"1063"
"29658";"2004-10-22 21:48:30";"2";"1068"
"29662";"2004-10-22 21:48:55";"2";"1072"
"29668";"2004-10-23 14:48:08";"2";"1078"
"29673";"2004-10-23 21:10:25";"2";"1085"
"29678";"2004-10-24 06:06:05";"2";"1092"
"29685";"2004-10-24 19:08:10";"2";"1100"
"29689";"2004-10-24 19:13:05";"2";"1104"
"29695";"2004-10-24 20:23:33";"2";"1110"
"29700";"2004-10-25 01:18:54";"2";"1116"
"29707";"2004-10-25 17:06:08";"2";"1123"
"29712";"2004-10-25 21:36:48";"2";"1128"
"29716";"2004-10-25 21:37:11";"2";"1132"
"29722";"2004-10-26 07:02:33";"2";"1138"
"29729";"2004-10-26 17:16:21";"2";"1145"
"29733";"2004-10-26 17:16:44";"2";"1149"
"29738";"2004-10-27 13:25:17";"2";"1154"
"29742";"2004-10-27 13:25:37";"2";"1158"
"29746";"2004-10-27 13:25:58";"2";"1162"
"29750";"2004-10-27 13:26:20";"2";"1166"
"29754";"2004-10-27 13:26:40";"2";"1170"
"29759";"2004-10-27 16:19:14";"2";"1175"
"29763";"2004-10-27 17:53:57";"2";"1179"
"29768";"2004-10-28 18:19:39";"2";"1184"
"29773";"2004-10-28 18:20:00";"2";"1189"
"29777";"2004-10-28 18:20:22";"2";"1193"
"29781";"2004-10-28 18:20:43";"2";"1197"
"29785";"2004-10-28 18:51:08";"2";"1201"
"29796";"2004-10-29 00:31:28";"2";"1217"
"29801";"2004-10-29 00:40:31";"2";"1222"
"29805";"2004-10-29 00:40:56";"2";"1226"
"29810";"2004-10-29 06:05:09";"2";"1231"
"29815";"2004-10-30 00:23:13";"2";"1236"
"29820";"2004-10-30 00:23:35";"2";"1241"
"29824";"2004-10-30 00:23:56";"2";"1245"
"29831";"2004-10-30 14:55:59";"2";"1252"
"29836";"2004-10-30 14:56:23";"2";"1257"
"29840";"2004-10-30 14:56:44";"2";"1261"
"29844";"2004-10-30 14:57:04";"2";"1265"
"29848";"2004-10-30 14:57:24";"2";"1269"
"29855";"2004-10-30 15:26:20";"2";"1276"
"29862";"2004-10-30 15:51:36";"2";"1285"
"29868";"2004-10-30 18:22:20";"2";"1291"
"29872";"2004-10-30 22:46:28";"2";"1298"
"31231";"2004-09-11 15:59:50";"2";"294"
"31235";"2004-09-11 16:20:01";"2";"299"
"31239";"2004-09-11 16:51:57";"2";"305"
"31243";"2004-09-11 19:07:23";"2";"310"
"31247";"2004-09-13 00:21:24";"2";"316"
"31251";"2004-09-13 03:44:14";"2";"322"
"31256";"2004-09-13 16:16:20";"2";"328"
"31261";"2004-09-14 04:50:13";"2";"333"
"31266";"2004-09-15 01:56:39";"2";"338"
"31270";"2004-09-15 17:52:57";"2";"343"
"31275";"2004-09-16 14:02:46";"2";"350"
"31280";"2004-09-16 22:33:15";"2";"355"
"31285";"2004-09-18 00:15:58";"2";"363"
"31289";"2004-09-18 23:00:09";"2";"370"
"31293";"2004-09-19 00:41:53";"2";"376"
"164283";"2005-03-04 00:56:08";"2";"3877"
"164289";"2005-03-04 06:15:07";"2";"3883"
"164302";"2005-03-05 04:29:53";"2";"3896"
"164319";"2005-03-05 20:28:12";"2";"3913"
"164323";"2005-03-05 22:20:38";"2";"3917"
"164327";"2005-03-06 18:51:52";"2";"3922"
"164332";"2005-03-06 22:55:56";"2";"3927"
"164378";"2005-03-08 17:28:02";"2";"3973"
"164383";"2005-03-08 23:19:36";"2";"3978"
"164388";"2005-03-08 23:23:57";"2";"3984"
"164394";"2005-03-09 04:02:21";"2";"3991"
"164398";"2005-03-09 17:32:30";"2";"3995"
"164403";"2005-03-09 17:45:02";"2";"4000"
"164407";"2005-03-09 18:13:36";"2";"4004"
"164412";"2005-03-09 20:50:57";"2";"4010"
"164416";"2005-03-09 23:29:27";"2";"4015"
"164422";"2005-03-10 18:01:57";"2";"4022"
"164429";"2005-03-11 18:42:13";"2";"4030"
"164435";"2005-03-12 16:13:03";"2";"4036"
"164441";"2005-03-12 17:37:41";"2";"4042"
"164446";"2005-03-12 23:40:55";"2";"4048"
"164451";"2005-03-13 19:03:44";"2";"4053"
"164457";"2005-03-14 01:40:26";"2";"4059"
"164461";"2005-03-14 03:14:46";"2";"4063"
"164465";"2005-03-15 21:21:57";"2";"4067"
"164469";"2005-03-15 23:13:33";"2";"4071"
"164473";"2005-03-15 23:45:49";"2";"4075"
"164477";"2005-03-16 00:17:51";"2";"4079"
"164481";"2005-03-16 00:47:27";"2";"4083"
"164485";"2005-03-16 01:03:20";"2";"4087"
"164489";"2005-03-16 01:04:26";"2";"4091"
"164493";"2005-03-16 01:07:12";"2";"4095"
"164497";"2005-03-16 01:07:46";"2";"4099"
"164501";"2005-03-16 01:07:56";"2";"4103"
"164505";"2005-03-16 01:19:28";"2";"4107"
"164509";"2005-03-16 01:21:58";"2";"4111"
"164513";"2005-03-16 01:22:10";"2";"4115"
"164517";"2005-03-16 01:22:54";"2";"4119"
"164521";"2005-03-16 01:23:41";"2";"4123"
"164525";"2005-03-16 01:38:03";"2";"4127"
"164529";"2005-03-16 02:18:03";"2";"4131"
"164533";"2005-03-16 02:18:47";"2";"4135"
"164537";"2005-03-16 02:42:29";"2";"4139"
"164541";"2005-03-16 02:43:13";"2";"4143"
"164545";"2005-03-16 03:03:04";"2";"4147"
"164549";"2005-03-16 03:03:36";"2";"4151"
"164554";"2005-03-17 02:34:40";"2";"4156"
"164558";"2005-03-17 23:53:57";"2";"4160"
"164563";"2005-03-18 00:26:09";"2";"4165"
"164568";"2005-03-18 00:56:14";"2";"4171"
"164573";"2005-03-18 03:57:52";"2";"4176"
"164578";"2005-03-18 04:57:02";"2";"4181"
"164582";"2005-03-18 05:05:05";"2";"4185"
"164587";"2005-03-18 20:40:02";"2";"4195"
"164592";"2005-03-19 00:50:43";"2";"4200"
"164596";"2005-03-19 00:51:56";"2";"4204"
"164600";"2005-03-19 01:04:21";"2";"4208"
"164604";"2005-03-19 01:05:31";"2";"4212"
"164608";"2005-03-19 01:21:56";"2";"4216"
"164612";"2005-03-19 01:31:51";"2";"4220"
"164616";"2005-03-19 01:32:51";"2";"4224"
"164620";"2005-03-19 01:33:02";"2";"4228"
"164624";"2005-03-19 01:38:38";"2";"4232"
"164628";"2005-03-19 01:39:43";"2";"4236"
"164632";"2005-03-19 03:27:24";"2";"4240"
"164640";"2005-03-19 21:52:16";"2";"4248"
"164645";"2005-03-20 01:18:54";"2";"4253"
"164651";"2005-03-21 02:22:15";"2";"4259"
"164656";"2005-03-21 06:26:12";"2";"4264"
"164660";"2005-03-21 06:29:48";"2";"4268"
"164672";"2005-03-22 01:13:08";"2";"4280"
"164677";"2005-03-22 20:32:24";"2";"4285"
"164682";"2005-03-23 03:40:15";"2";"4290"
"164691";"2005-03-23 15:33:15";"2";"4300"
"164696";"2005-03-24 20:47:44";"2";"4305"
"164700";"2005-03-25 00:41:21";"2";"4310"
"164707";"2005-03-27 19:50:53";"2";"4317"
"164712";"2005-03-28 01:49:25";"2";"4322"
"164718";"2005-03-28 19:22:56";"2";"4328"
"164723";"2005-03-29 00:34:44";"2";"4333"
"164731";"2005-03-29 03:19:27";"2";"4341"
"164742";"2005-03-29 17:44:21";"2";"4352"
"29134";"2004-09-15 13:17:50";"2";"493"
"164746";"2005-03-29 19:40:15";"2";"4356"
"29139";"2004-09-15 21:17:14";"2";"498"
"164750";"2005-03-29 23:27:07";"2";"4360"
"29143";"2004-09-16 21:21:13";"2";"503"
"164754";"2005-03-29 23:38:06";"2";"4365"
"29150";"2004-09-17 16:37:51";"2";"510"
"164758";"2005-03-30 01:40:45";"2";"4369"
"29155";"2004-09-17 16:42:29";"2";"516"
"164764";"2005-03-30 23:53:03";"2";"4376"
"29159";"2004-09-17 16:48:07";"2";"520"
"164768";"2005-03-31 02:12:32";"2";"4380"
"29165";"2004-09-17 21:31:06";"2";"526"
"164774";"2005-04-01 23:00:07";"2";"4386"
"29169";"2004-09-18 00:32:25";"2";"530"
"164778";"2005-04-02 16:37:48";"2";"4390"
"29177";"2004-09-18 20:32:06";"2";"538"
"164782";"2005-04-02 20:17:30";"2";"4394"
"29183";"2004-09-18 23:29:43";"2";"546"
"164786";"2005-04-03 02:45:21";"2";"4398"
"29187";"2004-09-19 02:36:38";"2";"551"
"164791";"2005-04-03 03:43:51";"2";"4403"
"29192";"2004-09-19 11:53:47";"2";"556"
"164795";"2005-04-03 04:42:32";"2";"4407"
"29197";"2004-09-19 19:41:19";"2";"561"
"164811";"2005-04-03 18:55:33";"2";"4425"
"29201";"2004-09-19 22:16:12";"2";"568"
"164817";"2005-04-04 02:03:10";"2";"4431"
"29208";"2004-09-19 23:45:49";"2";"576"
"164822";"2005-04-04 17:08:12";"2";"4436"
"29212";"2004-09-20 21:47:20";"2";"581"
"164826";"2005-04-05 01:06:38";"2";"4440"
"29216";"2004-09-20 21:47:28";"2";"585"
"164830";"2005-04-05 02:53:38";"2";"4444"
"29220";"2004-09-20 23:21:22";"2";"589"
"164834";"2005-04-05 02:54:29";"2";"4448"
"29229";"2004-09-21 21:25:54";"2";"600"
"164839";"2005-04-05 06:46:17";"2";"4454"
"29235";"2004-09-22 12:13:58";"2";"607"
"164844";"2005-04-06 01:03:42";"2";"4459"
"29239";"2004-09-22 12:14:19";"2";"611"
"164848";"2005-04-06 01:03:54";"2";"4463"
"29245";"2004-09-22 18:01:32";"2";"617"
"164852";"2005-04-06 01:43:59";"2";"4467"
"29250";"2004-09-22 22:21:33";"2";"622"
"164856";"2005-04-06 01:45:08";"2";"4471"
"29256";"2004-09-23 11:28:15";"2";"628"
"164860";"2005-04-06 02:08:59";"2";"4475"
"29260";"2004-09-23 11:28:34";"2";"632"
"164864";"2005-04-06 02:10:03";"2";"4479"
"29269";"2004-09-23 18:57:26";"2";"641"
"164868";"2005-04-06 02:21:25";"2";"4483"
"29274";"2004-09-23 21:59:36";"2";"646"
"164872";"2005-04-06 02:21:37";"2";"4487"
"29281";"2004-09-24 14:47:20";"2";"653"
"164876";"2005-04-06 02:32:45";"2";"4491"
"29289";"2004-09-24 20:30:50";"2";"663"
"164880";"2005-04-06 02:48:45";"2";"4495"
"29297";"2004-09-25 00:35:49";"2";"670"
"164884";"2005-04-06 03:11:00";"2";"4499"
"29307";"2004-09-25 15:21:24";"2";"680"
"164888";"2005-04-06 03:12:02";"2";"4503"
"29312";"2004-09-25 18:52:59";"2";"686"
"164892";"2005-04-06 03:28:30";"2";"4507"
"29316";"2004-09-25 19:16:25";"2";"690"
"164896";"2005-04-06 03:29:38";"2";"4510"
"29321";"2004-09-25 20:02:44";"2";"696"
"164900";"2005-04-06 03:45:45";"2";"4515"
"29325";"2004-09-25 20:32:47";"2";"703"
"164904";"2005-04-06 03:57:51";"2";"4519"
"29330";"2004-09-26 14:15:03";"2";"708"
"164908";"2005-04-06 04:13:51";"2";"4523"
"29337";"2004-09-26 16:22:27";"2";"715"
"164912";"2005-04-06 04:15:01";"2";"4527"
"29347";"2004-09-26 20:50:52";"2";"725"
"164916";"2005-04-06 04:27:27";"2";"4531"
"29354";"2004-09-27 12:13:08";"2";"732"
"164920";"2005-04-06 04:28:33";"2";"4535"
"29359";"2004-09-27 12:13:26";"2";"737"
"164924";"2005-04-06 04:45:08";"2";"4539"
"29364";"2004-09-27 17:11:10";"2";"742"
"164928";"2005-04-06 04:45:42";"2";"4543"
"29370";"2004-09-28 17:49:55";"2";"748"
"164932";"2005-04-06 04:56:19";"2";"4547"
"29375";"2004-09-28 19:06:50";"2";"754"
"164936";"2005-04-06 04:59:34";"2";"4551"
"29381";"2004-09-28 21:39:15";"2";"761"
"164940";"2005-04-06 23:36:38";"2";"4555"
"29386";"2004-09-29 12:34:56";"2";"767"
"164944";"2005-04-06 23:37:05";"2";"4559"
"29392";"2004-09-29 18:53:02";"2";"773"
"164948";"2005-04-06 23:37:24";"2";"4563"
"29401";"2004-09-30 17:29:16";"2";"782"
"164952";"2005-04-07 17:14:51";"2";"4567"
"29406";"2004-10-01 17:53:15";"2";"788"
"164957";"2005-04-08 01:15:04";"2";"4572"
"29410";"2004-10-02 17:12:40";"2";"793"
"164963";"2005-04-08 16:43:08";"2";"4578"
"29414";"2004-10-02 17:26:42";"2";"797"
"164968";"2005-04-08 21:10:32";"2";"4583"
"29418";"2004-10-02 17:42:57";"2";"802"
"164972";"2005-04-09 02:33:24";"2";"4587"
"29422";"2004-10-02 23:19:08";"2";"808"
"164976";"2005-04-09 02:34:18";"2";"4591"
"29428";"2004-10-03 18:05:13";"2";"814"
"164980";"2005-04-09 02:43:14";"2";"4595"
"29433";"2004-10-03 23:16:50";"2";"820"
"164984";"2005-04-09 02:43:27";"2";"4599"
"29441";"2004-10-04 17:01:14";"2";"829"
"164988";"2005-04-09 02:44:20";"2";"4603"
"29450";"2004-10-05 13:06:10";"2";"838"
"164993";"2005-04-11 22:47:51";"2";"4608"
"29456";"2004-10-06 01:47:38";"2";"846"
"164997";"2005-04-11 22:49:05";"2";"4612"
"29461";"2004-10-06 13:07:28";"2";"852"
"165002";"2005-04-12 00:50:59";"2";"4617"
"29465";"2004-10-06 21:37:14";"2";"856"
"165008";"2005-04-12 18:37:33";"2";"4623"
"29471";"2004-10-07 20:19:28";"2";"865"
"165015";"2005-04-13 03:45:52";"2";"4630"
"29476";"2004-10-07 20:19:48";"2";"870"
"165021";"2005-04-15 19:29:27";"2";"4637"
"29480";"2004-10-07 20:20:09";"2";"874"
"165026";"2005-04-16 00:19:16";"2";"4642"
"29487";"2004-10-08 11:34:33";"2";"881"
"165030";"2005-04-16 00:38:52";"2";"4646"
"29494";"2004-10-08 19:10:34";"2";"889"
"165034";"2005-04-16 00:46:37";"2";"4650"
"29500";"2004-10-10 05:14:27";"2";"896"
"165038";"2005-04-16 01:10:06";"2";"4654"
"29505";"2004-10-10 19:42:48";"2";"901"
"165042";"2005-04-16 01:19:11";"2";"4658"
"29510";"2004-10-11 17:14:16";"2";"906"
"165046";"2005-04-16 01:25:08";"2";"4662"
"29514";"2004-10-11 18:42:14";"2";"910"
"165050";"2005-04-16 01:26:05";"2";"4666"
"29518";"2004-10-11 23:12:59";"2";"914"
"165054";"2005-04-16 01:43:53";"2";"4670"
"29522";"2004-10-12 00:01:03";"2";"919"
"165059";"2005-04-16 03:32:50";"2";"4675"
"29527";"2004-10-12 13:59:06";"2";"924"
"165063";"2005-04-16 05:13:33";"2";"4679"
"29532";"2004-10-14 03:54:42";"2";"930"
"165068";"2005-04-16 15:59:30";"2";"4684"
"29537";"2004-10-14 21:32:06";"2";"935"
"165073";"2005-04-16 16:25:33";"2";"4689"
"29541";"2004-10-14 22:04:46";"2";"939"
"165077";"2005-04-16 19:37:10";"2";"4695"
"29545";"2004-10-15 01:09:42";"2";"945"
"165081";"2005-04-16 23:48:48";"2";"4700"
"19340";"2005-01-18 23:40:05";"2";"2370"
"19345";"2005-01-19 00:20:56";"2";"2376"
"19349";"2005-01-19 00:37:21";"2";"2381"
"19353";"2005-01-19 01:51:24";"2";"2385"
"19357";"2005-01-19 02:20:21";"2";"2389"
"19361";"2005-01-19 02:32:37";"2";"2393"
"19365";"2005-01-19 06:40:19";"2";"2398"
"19405";"2005-01-20 01:45:52";"2";"2441"
"19409";"2005-01-20 02:46:36";"2";"2446"
"19413";"2005-01-20 05:07:53";"2";"2450"
"19544";"2005-01-25 05:29:41";"2";"2605"
"19549";"2005-01-25 07:28:25";"2";"2610"
"19556";"2005-01-25 20:40:49";"2";"2620"
"19560";"2005-01-26 00:41:13";"2";"2624"
"19564";"2005-01-26 00:51:55";"2";"2630"
"19568";"2005-01-26 01:14:21";"2";"2636"
"19572";"2005-01-26 02:53:56";"2";"2641"
"19577";"2005-01-26 05:54:11";"2";"2648"
"19581";"2005-01-26 11:05:49";"2";"2653"
"19587";"2005-01-27 01:59:02";"2";"2659"
"19594";"2005-01-27 22:02:29";"2";"2668"
"19598";"2005-01-28 03:43:33";"2";"2674"
"20997";"2004-10-24 13:08:50";"2";"1821"
"21001";"2004-10-24 14:39:16";"2";"1825"
"21007";"2004-10-24 15:23:22";"2";"1831"
"21012";"2004-10-24 16:13:37";"2";"1837"
"21016";"2004-10-24 18:51:42";"2";"1842"
"21020";"2004-10-25 13:55:22";"2";"1847"
"21024";"2004-10-25 17:33:33";"2";"1853"
"21028";"2004-10-25 20:47:54";"2";"1859"
"21033";"2004-10-26 02:29:26";"2";"1865"
"21037";"2004-10-26 15:40:54";"2";"1872"
"21041";"2004-10-26 19:43:54";"2";"1878"
"21046";"2004-10-26 20:29:27";"2";"1886"
"21056";"2004-10-26 22:40:15";"2";"1899"
"21061";"2004-10-27 00:59:03";"2";"1906"
"21065";"2004-10-27 01:35:36";"2";"1911"
"21069";"2004-10-27 15:18:22";"2";"1918"
"21073";"2004-10-28 00:11:17";"2";"1926"
"21078";"2004-10-28 03:30:57";"2";"1932"
"21084";"2004-10-28 04:55:56";"2";"1938"
"21090";"2004-10-28 14:11:29";"2";"1949"
"21094";"2004-10-28 19:30:43";"2";"1955"
"21101";"2004-10-28 22:24:45";"2";"1965"
"21105";"2004-10-28 23:40:40";"2";"1971"
"21111";"2004-10-29 22:01:33";"2";"1979"
"21117";"2004-10-31 02:14:40";"2";"1986"
"21124";"2004-10-31 23:17:51";"2";"1995"
"21129";"2004-11-01 16:57:16";"2";"2002"
"21133";"2004-11-01 17:54:07";"2";"2007"
"21139";"2004-11-01 18:58:16";"2";"2013"
"21144";"2004-11-01 20:32:10";"2";"2020"
"21148";"2004-11-01 20:34:31";"2";"2024"
"21152";"2004-11-01 23:08:21";"2";"2029"
"163756";"2005-01-28 02:38:16";"2";"3567"
"163762";"2005-01-28 20:57:41";"2";"3575"
"163772";"2005-01-19 05:52:35";"2";"3533"
"163778";"2005-01-20 06:17:39";"2";"3539"
"163782";"2005-01-21 04:43:20";"2";"3543"
"163786";"2005-01-21 05:21:56";"2";"3548"
"163790";"2005-01-21 19:34:34";"2";"3553"
"163794";"2005-01-26 05:52:36";"2";"3557"
"163798";"2005-01-26 07:02:25";"2";"3561"
"163804";"2005-01-28 22:23:15";"2";"3581"
"163811";"2005-01-28 23:23:54";"2";"3588"
"163815";"2005-01-28 23:44:43";"2";"3592"
"163819";"2005-01-28 23:50:43";"2";"3596"
"163823";"2005-01-29 00:08:24";"2";"3600"
"163847";"2005-01-30 04:43:16";"2";"3605"
"163851";"2005-01-30 06:07:58";"2";"3609"
"163857";"2005-01-31 04:42:20";"2";"3616"
"163875";"2005-02-01 14:28:43";"2";"3625"
"163893";"2005-02-02 22:02:01";"2";"3636"
"163898";"2005-02-02 23:47:27";"2";"3641"
"163902";"2005-02-02 23:55:22";"2";"3645"
"163907";"2005-02-03 00:27:53";"2";"3650"
"163917";"2005-02-03 22:44:24";"2";"3658"
"163935";"2005-02-05 17:52:26";"2";"3667"
"163942";"2005-02-05 19:53:41";"2";"3674"
"163971";"2005-02-07 15:57:30";"2";"3682"
"163990";"2005-02-09 22:44:44";"2";"3697"
"163995";"2005-02-10 00:59:07";"2";"3702"
"164018";"2005-02-11 02:22:14";"2";"3710"
"164054";"2005-02-12 23:17:30";"2";"3722"
"164058";"2005-02-13 04:05:56";"2";"3727"
"164091";"2005-02-15 04:05:25";"2";"3730"
"164101";"2005-02-16 19:53:21";"2";"3739"
"164166";"2005-02-18 16:44:38";"2";"3758"
"164171";"2005-02-19 23:43:51";"2";"3763"
"26215";"2004-10-24 19:02:41";"2";"432"
"164186";"2005-02-20 21:06:31";"2";"3778"
"26219";"2004-10-25 10:41:01";"2";"437"
"164203";"2005-02-21 20:51:18";"2";"3795"
"26223";"2004-10-25 15:34:37";"2";"442"
"164227";"2005-02-23 02:03:39";"2";"3819"
"26227";"2004-10-26 08:09:00";"2";"446"
"164235";"2005-02-24 15:26:00";"2";"3827"
"26232";"2004-10-26 12:12:32";"2";"452"
"164243";"2005-02-26 04:29:24";"2";"3835"
"26236";"2004-10-27 17:36:08";"2";"457"
"164247";"2005-02-26 17:30:48";"2";"3839"
"26240";"2004-10-28 09:55:31";"2";"461"
"164252";"2005-02-26 19:10:34";"2";"3844"
"26244";"2004-10-28 09:57:33";"2";"465"
"164256";"2005-02-26 23:11:03";"2";"3849"
"26248";"2004-10-28 11:48:07";"2";"470"
"164260";"2005-02-27 20:00:06";"2";"3853"
"26252";"2004-10-28 12:12:09";"2";"474"
"164265";"2005-02-28 23:05:25";"2";"3858"
"26256";"2004-10-28 17:43:09";"2";"480"
"164271";"2005-03-02 21:08:20";"2";"3864"
"26260";"2004-10-28 18:28:39";"2";"486"
"164275";"2005-03-02 21:56:11";"2";"3868"
"26266";"2004-10-29 09:19:22";"2";"492"
"164280";"2005-03-03 20:38:44";"2";"3873"
"26270";"2004-10-29 11:48:03";"2";"497"
"26274";"2004-10-31 13:20:58";"2";"501"
"26278";"2004-11-01 13:32:41";"2";"508"
"26282";"2004-11-01 13:52:48";"2";"512"
"26286";"2004-11-01 14:03:02";"2";"516"
"26290";"2004-11-01 14:36:50";"2";"520"
"26294";"2004-11-01 18:09:59";"2";"524"
"26299";"2004-11-01 18:37:00";"2";"529"
"99453";"2005-01-25 23:03:34";"2";"3687"
"99458";"2005-01-26 04:16:50";"2";"3693"
"99462";"2005-01-26 05:11:15";"2";"3698"
"99466";"2005-01-26 05:37:09";"2";"3702"
"99472";"2005-01-26 06:40:30";"2";"3708"
"99479";"2005-01-26 18:06:37";"2";"3715"
"99483";"2005-01-26 22:28:04";"2";"3719"
"99487";"2005-01-26 23:21:21";"2";"3724"
"99492";"2005-01-27 00:46:18";"2";"3729"
"99498";"2005-01-27 01:11:26";"2";"3736"
"99503";"2005-01-27 03:08:55";"2";"3742"
"99509";"2005-01-27 05:14:50";"2";"3749"
"99513";"2005-01-27 05:57:02";"2";"3755"
"99520";"2005-01-27 22:47:39";"2";"3763"
"99524";"2005-01-28 00:20:13";"2";"3767"
"99530";"2005-01-28 03:34:11";"2";"3774"
"99534";"2005-01-28 04:22:55";"2";"3778"
"29082";"2004-09-11 10:10:36";"2";"439"
"29091";"2004-09-11 19:34:11";"2";"449"
"29098";"2004-09-13 06:20:48";"2";"456"
"29103";"2004-09-13 06:21:09";"2";"461"
"29109";"2004-09-13 13:40:09";"2";"467"
"29114";"2004-09-13 22:46:26";"2";"472"
"29118";"2004-09-13 22:47:40";"2";"477"
"29125";"2004-09-14 12:05:12";"2";"484"
"29129";"2004-09-15 10:53:23";"2";"488"
"29552";"2004-10-15 20:44:17";"2";"956"
"165086";"2005-04-17 00:34:20";"2";"4705"
"29558";"2004-10-16 14:20:29";"2";"962"
"165090";"2005-04-17 03:08:19";"2";"4710"
"29566";"2004-10-16 22:41:43";"2";"970"
"29570";"2004-10-17 03:36:24";"2";"974"
"29574";"2004-10-17 04:20:38";"2";"978"
"29581";"2004-10-17 20:07:04";"2";"987"
"29585";"2004-10-18 02:26:45";"2";"991"
"29590";"2004-10-18 06:00:00";"2";"998"
"29596";"2004-10-18 22:11:11";"2";"1004"
"29600";"2004-10-19 17:23:00";"2";"1008"
"29608";"2004-10-20 20:51:10";"2";"1016"
"29613";"2004-10-20 23:10:18";"2";"1023"
"29619";"2004-10-21 12:05:30";"2";"1029"
"29624";"2004-10-21 21:38:19";"2";"1034"
"29628";"2004-10-21 21:38:39";"2";"1038"
"29632";"2004-10-21 21:38:59";"2";"1042"
"29636";"2004-10-22 13:26:47";"2";"1046"
"29641";"2004-10-22 13:27:08";"2";"1051"
"29645";"2004-10-22 13:27:30";"2";"1055"
"29649";"2004-10-22 13:27:51";"2";"1059"
"29654";"2004-10-22 21:48:16";"2";"1064"
"29659";"2004-10-22 21:48:34";"2";"1069"
"29663";"2004-10-22 21:59:30";"2";"1073"
"29670";"2004-10-23 18:08:53";"2";"1080"
"29674";"2004-10-23 21:10:56";"2";"1086"
"29680";"2004-10-24 14:32:46";"2";"1095"
"29686";"2004-10-24 19:09:14";"2";"1101"
"29690";"2004-10-24 19:59:52";"2";"1105"
"29697";"2004-10-24 21:26:27";"2";"1112"
"29702";"2004-10-25 01:57:30";"2";"1118"
"29708";"2004-10-25 21:36:28";"2";"1124"
"29713";"2004-10-25 21:36:54";"2";"1129"
"29717";"2004-10-26 00:42:04";"2";"1133"
"29724";"2004-10-26 12:47:49";"2";"1140"
"29730";"2004-10-26 17:16:26";"2";"1146"
"29734";"2004-10-27 13:25:02";"2";"1150"
"29739";"2004-10-27 13:25:22";"2";"1155"
"29743";"2004-10-27 13:25:43";"2";"1159"
"29747";"2004-10-27 13:26:03";"2";"1163"
"29751";"2004-10-27 13:26:25";"2";"1167"
"29755";"2004-10-27 16:18:58";"2";"1171"
"29760";"2004-10-27 16:19:19";"2";"1176"
"29764";"2004-10-27 17:58:05";"2";"1180"
"29769";"2004-10-28 18:19:44";"2";"1185"
"29774";"2004-10-28 18:20:05";"2";"1190"
"96308";"2004-10-15 22:06:45";"2";"1367"
"29778";"2004-10-28 18:20:27";"2";"1194"
"29782";"2004-10-28 18:21:11";"2";"1198"
"29790";"2004-10-28 19:25:36";"2";"1210"
"29797";"2004-10-29 00:31:58";"2";"1218"
"29802";"2004-10-29 00:40:37";"2";"1223"
"29806";"2004-10-29 01:00:34";"2";"1227"
"29812";"2004-10-29 13:07:24";"2";"1233"
"29817";"2004-10-30 00:23:19";"2";"1238"
"29821";"2004-10-30 00:23:40";"2";"1242"
"29826";"2004-10-30 01:01:57";"2";"1247"
"29832";"2004-10-30 14:56:10";"2";"1253"
"29837";"2004-10-30 14:56:28";"2";"1258"
"29841";"2004-10-30 14:56:49";"2";"1262"
"29845";"2004-10-30 14:57:09";"2";"1266"
"29849";"2004-10-30 14:57:30";"2";"1270"
"29857";"2004-10-30 15:27:41";"2";"1278"
"29863";"2004-10-30 16:36:21";"2";"1286"
"29869";"2004-10-30 18:27:05";"2";"1293"
"29874";"2004-10-31 04:43:04";"2";"1300"
"31232";"2004-09-11 16:00:12";"2";"295"
"31236";"2004-09-11 16:20:23";"2";"301"
"31240";"2004-09-11 18:20:48";"2";"306"
"31244";"2004-09-11 19:33:43";"2";"312"
"31248";"2004-09-13 00:26:11";"2";"318"
"31252";"2004-09-13 03:44:53";"2";"323"
"31257";"2004-09-14 02:01:56";"2";"329"
"31263";"2004-09-14 17:22:22";"2";"335"
"31267";"2004-09-15 17:00:40";"2";"339"
"31272";"2004-09-15 23:12:32";"2";"346"
"31277";"2004-09-16 21:45:16";"2";"352"
"31281";"2004-09-16 23:06:02";"2";"357"
"31286";"2004-09-18 01:13:27";"2";"365"
"31290";"2004-09-19 00:02:39";"2";"372"
"31294";"2004-09-19 00:43:33";"2";"377"
"164284";"2005-03-04 01:11:43";"2";"3878"
"164290";"2005-03-04 06:25:09";"2";"3884"
"164314";"2005-03-05 15:57:15";"2";"3908"
"164320";"2005-03-05 20:29:39";"2";"3914"
"164324";"2005-03-06 01:07:20";"2";"3919"
"164329";"2005-03-06 20:10:06";"2";"3924"
"164333";"2005-03-07 02:12:46";"2";"3928"
"164379";"2005-03-08 21:19:44";"2";"3974"
"164384";"2005-03-08 23:20:56";"2";"3979"
"164389";"2005-03-08 23:26:26";"2";"3985"
"164395";"2005-03-09 17:27:14";"2";"3992"
"164400";"2005-03-09 17:33:48";"2";"3997"
"164404";"2005-03-09 17:53:43";"2";"4001"
"164408";"2005-03-09 18:16:33";"2";"4006"
"164413";"2005-03-09 21:45:01";"2";"4012"
"164417";"2005-03-09 23:37:17";"2";"4016"
"164424";"2005-03-11 03:33:40";"2";"4025"
"164431";"2005-03-11 22:15:27";"2";"4032"
"164437";"2005-03-12 16:47:30";"2";"4038"
"164442";"2005-03-12 17:50:04";"2";"4044"
"164447";"2005-03-13 02:17:02";"2";"4049"
"164453";"2005-03-13 19:09:34";"2";"4055"
"164458";"2005-03-14 01:41:24";"2";"4060"
"164462";"2005-03-14 03:21:02";"2";"4064"
"164466";"2005-03-15 23:06:20";"2";"4068"
"164470";"2005-03-15 23:15:22";"2";"4072"
"164474";"2005-03-15 23:56:44";"2";"4076"
"164478";"2005-03-16 00:18:34";"2";"4080"
"164482";"2005-03-16 01:02:56";"2";"4084"
"164486";"2005-03-16 01:03:22";"2";"4088"
"164490";"2005-03-16 01:06:57";"2";"4092"
"164494";"2005-03-16 01:07:22";"2";"4096"
"164498";"2005-03-16 01:07:50";"2";"4100"
"164502";"2005-03-16 01:17:38";"2";"4104"
"164506";"2005-03-16 01:20:55";"2";"4108"
"164510";"2005-03-16 01:22:04";"2";"4112"
"164514";"2005-03-16 01:22:17";"2";"4116"
"164518";"2005-03-16 01:23:15";"2";"4120"
"164522";"2005-03-16 01:23:42";"2";"4124"
"164526";"2005-03-16 02:17:46";"2";"4128"
"164530";"2005-03-16 02:18:09";"2";"4132"
"164534";"2005-03-16 02:42:07";"2";"4136"
"164538";"2005-03-16 02:42:32";"2";"4140"
"164542";"2005-03-16 03:02:58";"2";"4144"
"164546";"2005-03-16 03:03:29";"2";"4148"
"164551";"2005-03-16 23:17:37";"2";"4153"
"164555";"2005-03-17 17:41:17";"2";"4157"
"164559";"2005-03-18 00:03:26";"2";"4161"
"164565";"2005-03-18 00:27:21";"2";"4167"
"164570";"2005-03-18 01:01:30";"2";"4173"
"164574";"2005-03-18 04:13:38";"2";"4177"
"164579";"2005-03-18 04:59:40";"2";"4182"
"164583";"2005-03-18 05:05:41";"2";"4186"
"164588";"2005-03-18 20:58:28";"2";"4196"
"164593";"2005-03-19 00:50:50";"2";"4201"
"164597";"2005-03-19 00:51:59";"2";"4205"
"164601";"2005-03-19 01:05:22";"2";"4209"
"164605";"2005-03-19 01:05:34";"2";"4213"
"164609";"2005-03-19 01:21:59";"2";"4217"
"164613";"2005-03-19 01:31:54";"2";"4221"
"164617";"2005-03-19 01:32:54";"2";"4225"
"164621";"2005-03-19 01:33:53";"2";"4229"
"164625";"2005-03-19 01:38:45";"2";"4233"
"164629";"2005-03-19 01:39:46";"2";"4237"
"164633";"2005-03-19 03:57:01";"2";"4241"
"164641";"2005-03-19 22:19:34";"2";"4249"
"164647";"2005-03-20 01:34:27";"2";"4255"
"164652";"2005-03-21 02:44:55";"2";"4260"
"164657";"2005-03-21 06:28:09";"2";"4265"
"164669";"2005-03-22 01:03:06";"2";"4277"
"164674";"2005-03-22 16:56:01";"2";"4282"
"164678";"2005-03-22 23:47:35";"2";"4286"
"164683";"2005-03-23 04:25:39";"2";"4291"
"164692";"2005-03-24 00:16:20";"2";"4301"
"164697";"2005-03-24 21:40:48";"2";"4306"
"164703";"2005-03-26 02:43:49";"2";"4313"
"164708";"2005-03-27 20:28:56";"2";"4318"
"164714";"2005-03-28 18:34:26";"2";"4324"
"164720";"2005-03-28 21:10:00";"2";"4330"
"164724";"2005-03-29 00:49:14";"2";"4334"
"164732";"2005-03-29 03:20:40";"2";"4342"
"164743";"2005-03-29 17:46:10";"2";"4353"
"29135";"2004-09-15 21:16:58";"2";"494"
"164747";"2005-03-29 21:49:42";"2";"4357"
"29140";"2004-09-15 21:17:19";"2";"499"
"164751";"2005-03-29 23:29:41";"2";"4361"
"29146";"2004-09-16 21:37:58";"2";"506"
"164755";"2005-03-30 00:20:52";"2";"4366"
"29151";"2004-09-17 16:39:44";"2";"511"
"164759";"2005-03-30 02:03:18";"2";"4371"
"29156";"2004-09-17 16:43:18";"2";"517"
"164765";"2005-03-30 23:53:06";"2";"4377"
"29160";"2004-09-17 16:48:35";"2";"521"
"164769";"2005-03-31 03:10:36";"2";"4381"
"29166";"2004-09-17 21:31:39";"2";"527"
"164775";"2005-04-01 23:09:00";"2";"4387"
"29171";"2004-09-18 12:51:35";"2";"532"
"164779";"2005-04-02 17:23:45";"2";"4391"
"29178";"2004-09-18 22:07:21";"2";"540"
"164783";"2005-04-02 20:40:06";"2";"4395"
"29184";"2004-09-19 00:21:46";"2";"547"
"164788";"2005-04-03 03:26:20";"2";"4400"
"29188";"2004-09-19 11:53:30";"2";"552"
"164792";"2005-04-03 03:50:37";"2";"4404"
"29193";"2004-09-19 14:43:52";"2";"557"
"164808";"2005-04-03 17:53:29";"2";"4420"
"29198";"2004-09-19 19:50:08";"2";"563"
"164812";"2005-04-03 20:35:03";"2";"4426"
"29202";"2004-09-19 22:20:07";"2";"570"
"164819";"2005-04-04 03:58:33";"2";"4433"
"29209";"2004-09-19 23:57:13";"2";"578"
"164823";"2005-04-04 20:33:40";"2";"4437"
"29213";"2004-09-20 21:47:23";"2";"582"
"164827";"2005-04-05 01:43:38";"2";"4441"
"29217";"2004-09-20 21:48:43";"2";"586"
"164831";"2005-04-05 02:53:41";"2";"4445"
"29222";"2004-09-21 00:30:57";"2";"591"
"164835";"2005-04-05 02:54:32";"2";"4449"
"29231";"2004-09-21 21:34:40";"2";"603"
"164840";"2005-04-05 07:05:56";"2";"4455"
"29236";"2004-09-22 12:14:04";"2";"608"
"164845";"2005-04-06 01:03:45";"2";"4460"
"29240";"2004-09-22 12:14:24";"2";"612"
"164849";"2005-04-06 01:04:36";"2";"4464"
"29246";"2004-09-22 18:01:39";"2";"618"
"164853";"2005-04-06 01:44:02";"2";"4468"
"29252";"2004-09-23 11:28:03";"2";"624"
"164857";"2005-04-06 01:45:11";"2";"4472"
"29257";"2004-09-23 11:28:19";"2";"629"
"164861";"2005-04-06 02:09:06";"2";"4476"
"29266";"2004-09-23 13:59:17";"2";"638"
"164865";"2005-04-06 02:20:18";"2";"4480"
"29270";"2004-09-23 19:03:53";"2";"642"
"164869";"2005-04-06 02:21:28";"2";"4484"
"29275";"2004-09-23 23:55:54";"2";"647"
"164873";"2005-04-06 02:32:36";"2";"4488"
"29284";"2004-09-24 16:21:13";"2";"659"
"164877";"2005-04-06 02:32:48";"2";"4492"
"29290";"2004-09-24 20:30:55";"2";"664"
"164881";"2005-04-06 02:48:51";"2";"4496"
"29299";"2004-09-25 13:27:23";"2";"672"
"164885";"2005-04-06 03:11:04";"2";"4500"
"29308";"2004-09-25 15:32:20";"2";"681"
"164889";"2005-04-06 03:12:05";"2";"4504"
"29313";"2004-09-25 18:57:45";"2";"687"
"164893";"2005-04-06 03:28:33";"2";"4508"
"29317";"2004-09-25 19:16:49";"2";"691"
"164897";"2005-04-06 03:29:53";"2";"4512"
"29322";"2004-09-25 20:05:32";"2";"698"
"164901";"2005-04-06 03:45:52";"2";"4516"
"29326";"2004-09-26 14:14:48";"2";"704"
"164905";"2005-04-06 03:58:50";"2";"4520"
"29331";"2004-09-26 16:05:50";"2";"709"
"164909";"2005-04-06 04:14:52";"2";"4524"
"29338";"2004-09-26 16:29:57";"2";"716"
"164913";"2005-04-06 04:23:37";"2";"4528"
"29348";"2004-09-26 20:57:16";"2";"726"
"164917";"2005-04-06 04:27:34";"2";"4532"
"29355";"2004-09-27 12:13:11";"2";"733"
"164921";"2005-04-06 04:28:36";"2";"4536"
"29360";"2004-09-27 12:13:31";"2";"738"
"164925";"2005-04-06 04:45:18";"2";"4540"
"29366";"2004-09-27 17:17:15";"2";"744"
"164929";"2005-04-06 04:46:01";"2";"4544"
"29371";"2004-09-28 17:50:01";"2";"749"
"164933";"2005-04-06 04:56:22";"2";"4548"
"29377";"2004-09-28 21:38:59";"2";"757"
"164937";"2005-04-06 05:47:36";"2";"4552"
"29382";"2004-09-28 21:39:20";"2";"762"
"164941";"2005-04-06 23:36:41";"2";"4556"
"29387";"2004-09-29 12:35:01";"2";"768"
"164945";"2005-04-06 23:37:08";"2";"4560"
"29393";"2004-09-29 18:53:06";"2";"774"
"164949";"2005-04-06 23:37:26";"2";"4564"
"29403";"2004-09-30 17:29:53";"2";"784"
"164953";"2005-04-07 23:28:00";"2";"4568"
"29407";"2004-10-02 13:03:05";"2";"789"
"164960";"2005-04-08 03:15:02";"2";"4575"
"29411";"2004-10-02 17:20:43";"2";"794"
"164964";"2005-04-08 16:43:42";"2";"4579"
"29415";"2004-10-02 17:29:40";"2";"799"
"164969";"2005-04-09 02:33:09";"2";"4584"
"29419";"2004-10-02 17:57:37";"2";"804"
"164973";"2005-04-09 02:34:09";"2";"4588"
"29423";"2004-10-03 15:59:21";"2";"809"
"164977";"2005-04-09 02:43:03";"2";"4592"
"29429";"2004-10-03 18:44:44";"2";"816"
"164981";"2005-04-09 02:43:17";"2";"4596"
"29434";"2004-10-03 23:36:53";"2";"821"
"164985";"2005-04-09 02:44:11";"2";"4600"
"29443";"2004-10-04 17:31:47";"2";"831"
"164989";"2005-04-09 02:49:48";"2";"4604"
"29452";"2004-10-05 19:23:10";"2";"841"
"164994";"2005-04-11 22:47:58";"2";"4609"
"29457";"2004-10-06 12:29:17";"2";"847"
"164998";"2005-04-11 22:49:08";"2";"4613"
"29462";"2004-10-06 13:12:04";"2";"853"
"165003";"2005-04-12 01:33:36";"2";"4618"
"29466";"2004-10-06 21:57:23";"2";"858"
"165010";"2005-04-13 00:54:23";"2";"4625"
"29472";"2004-10-07 20:19:33";"2";"866"
"165016";"2005-04-13 04:49:29";"2";"4632"
"29477";"2004-10-07 20:19:53";"2";"871"
"165022";"2005-04-15 20:12:55";"2";"4638"
"29481";"2004-10-07 20:59:35";"2";"875"
"165027";"2005-04-16 00:19:56";"2";"4643"
"29489";"2004-10-08 11:46:56";"2";"883"
"165031";"2005-04-16 00:39:25";"2";"4647"
"29495";"2004-10-08 19:14:55";"2";"890"
"165035";"2005-04-16 00:46:56";"2";"4651"
"29501";"2004-10-10 19:32:37";"2";"897"
"165039";"2005-04-16 01:11:07";"2";"4655"
"29506";"2004-10-10 19:48:03";"2";"902"
"165043";"2005-04-16 01:19:18";"2";"4659"
"29511";"2004-10-11 17:25:00";"2";"907"
"165047";"2005-04-16 01:25:11";"2";"4663"
"29515";"2004-10-11 19:36:49";"2";"911"
"165051";"2005-04-16 01:26:08";"2";"4667"
"29519";"2004-10-11 23:31:05";"2";"915"
"165055";"2005-04-16 01:45:25";"2";"4671"
"29523";"2004-10-12 00:18:06";"2";"920"
"165060";"2005-04-16 03:36:02";"2";"4676"
"29528";"2004-10-13 12:59:50";"2";"925"
"165064";"2005-04-16 06:12:05";"2";"4680"
"29533";"2004-10-14 05:58:35";"2";"931"
"165070";"2005-04-16 16:15:35";"2";"4686"
"29538";"2004-10-14 21:33:43";"2";"936"
"165074";"2005-04-16 16:41:06";"2";"4691"
"29542";"2004-10-14 22:27:40";"2";"941"
"165078";"2005-04-16 19:42:30";"2";"4696"
"29546";"2004-10-15 02:06:44";"2";"947"
"165082";"2005-04-16 23:49:12";"2";"4701"
"19337";"2005-01-18 03:39:45";"2";"2367"
"19341";"2005-01-18 23:40:27";"2";"2371"
"19346";"2005-01-19 00:22:37";"2";"2378"
"19350";"2005-01-19 00:41:38";"2";"2382"
"19354";"2005-01-19 01:52:42";"2";"2386"
"19358";"2005-01-19 02:23:55";"2";"2390"
"19362";"2005-01-19 03:09:41";"2";"2394"
"19366";"2005-01-19 07:21:13";"2";"2400"
"19406";"2005-01-20 02:06:11";"2";"2442"
"19410";"2005-01-20 02:50:35";"2";"2447"
"19414";"2005-01-20 06:03:27";"2";"2451"
"19545";"2005-01-25 05:38:14";"2";"2606"
"19550";"2005-01-25 07:29:02";"2";"2611"
"19557";"2005-01-25 20:42:04";"2";"2621"
"19561";"2005-01-26 00:42:31";"2";"2625"
"19565";"2005-01-26 00:54:16";"2";"2632"
"19569";"2005-01-26 01:31:13";"2";"2637"
"19573";"2005-01-26 02:54:58";"2";"2642"
"19578";"2005-01-26 09:34:43";"2";"2649"
"19584";"2005-01-26 23:00:29";"2";"2656"
"19588";"2005-01-27 07:23:11";"2";"2661"
"19595";"2005-01-27 22:56:36";"2";"2669"
"19599";"2005-01-28 04:35:29";"2";"2675"
"20998";"2004-10-24 13:28:31";"2";"1822"
"21002";"2004-10-24 14:40:56";"2";"1826"
"21008";"2004-10-24 15:23:39";"2";"1832"
"21013";"2004-10-24 16:28:48";"2";"1839"
"21017";"2004-10-24 18:53:24";"2";"1843"
"21021";"2004-10-25 14:43:37";"2";"1849"
"21025";"2004-10-25 19:49:19";"2";"1855"
"21029";"2004-10-26 00:12:27";"2";"1861"
"21034";"2004-10-26 13:26:26";"2";"1867"
"21038";"2004-10-26 15:59:38";"2";"1874"
"21043";"2004-10-26 19:50:34";"2";"1880"
"21048";"2004-10-26 20:58:17";"2";"1888"
"21057";"2004-10-26 22:41:37";"2";"1901"
"21062";"2004-10-27 00:59:40";"2";"1907"
"21066";"2004-10-27 02:19:56";"2";"1913"
"21070";"2004-10-27 17:45:49";"2";"1920"
"21074";"2004-10-28 00:43:14";"2";"1927"
"21079";"2004-10-28 03:47:24";"2";"1933"
"21085";"2004-10-28 04:57:16";"2";"1940"
"21091";"2004-10-28 15:09:39";"2";"1951"
"21096";"2004-10-28 20:23:32";"2";"1959"
"21102";"2004-10-28 23:29:59";"2";"1967"
"21107";"2004-10-29 17:41:57";"2";"1974"
"21112";"2004-10-29 22:14:21";"2";"1980"
"21118";"2004-10-31 02:21:21";"2";"1987"
"21125";"2004-10-31 23:28:19";"2";"1997"
"21130";"2004-11-01 16:58:01";"2";"2003"
"21135";"2004-11-01 18:39:37";"2";"2009"
"21140";"2004-11-01 19:30:56";"2";"2014"
"21145";"2004-11-01 20:32:27";"2";"2021"
"21149";"2004-11-01 20:34:44";"2";"2025"
"21153";"2004-11-02 00:59:41";"2";"2031"
"163757";"2005-01-28 02:42:40";"2";"3569"
"163773";"2005-01-19 05:52:51";"2";"3534"
"163779";"2005-01-21 03:34:24";"2";"3540"
"163783";"2005-01-21 04:45:47";"2";"3544"
"163787";"2005-01-21 05:35:43";"2";"3550"
"163791";"2005-01-21 21:41:28";"2";"3554"
"163795";"2005-01-26 05:54:15";"2";"3558"
"163800";"2005-01-28 19:17:02";"2";"3579"
"163805";"2005-01-28 22:45:43";"2";"3582"
"163812";"2005-01-28 23:24:25";"2";"3589"
"163816";"2005-01-28 23:44:49";"2";"3593"
"163820";"2005-01-28 23:53:30";"2";"3597"
"163828";"2005-01-29 03:40:35";"2";"3601"
"163848";"2005-01-30 05:49:37";"2";"3606"
"163854";"2005-01-30 23:09:34";"2";"3613"
"163869";"2005-01-31 17:31:56";"2";"3619"
"163876";"2005-02-01 19:51:36";"2";"3626"
"163888";"2005-02-02 04:18:57";"2";"3632"
"163894";"2005-02-02 22:43:38";"2";"3637"
"163899";"2005-02-02 23:51:00";"2";"3642"
"163903";"2005-02-02 23:55:44";"2";"3646"
"163908";"2005-02-03 00:28:26";"2";"3651"
"163919";"2005-02-03 23:53:58";"2";"3660"
"163925";"2005-02-04 04:57:35";"2";"3663"
"163939";"2005-02-05 18:48:11";"2";"3671"
"163943";"2005-02-05 20:05:01";"2";"3675"
"163957";"2005-02-06 20:40:46";"2";"3679"
"163974";"2005-02-07 19:49:00";"2";"3685"
"163984";"2005-02-08 23:21:43";"2";"3692"
"163992";"2005-02-10 00:24:51";"2";"3699"
"163996";"2005-02-10 05:08:35";"2";"3703"
"164015";"2005-02-10 21:43:12";"2";"3707"
"164019";"2005-02-11 02:49:06";"2";"3711"
"164048";"2005-02-12 19:19:32";"2";"3716"
"164055";"2005-02-13 00:17:04";"2";"3723"
"164093";"2005-02-15 04:06:37";"2";"3732"
"164167";"2005-02-18 16:50:19";"2";"3759"
"164172";"2005-02-20 08:12:31";"2";"3764"
"26216";"2004-10-24 19:11:03";"2";"433"
"164187";"2005-02-20 21:10:09";"2";"3779"
"26220";"2004-10-25 11:05:49";"2";"439"
"164218";"2005-02-22 01:02:28";"2";"3810"
"26224";"2004-10-25 16:57:51";"2";"443"
"164230";"2005-02-23 04:25:36";"2";"3822"
"26229";"2004-10-26 10:44:11";"2";"448"
"164236";"2005-02-24 15:29:53";"2";"3828"
"26233";"2004-10-26 13:10:22";"2";"453"
"164244";"2005-02-26 04:31:37";"2";"3836"
"26237";"2004-10-27 18:03:04";"2";"458"
"164248";"2005-02-26 19:03:49";"2";"3840"
"26241";"2004-10-28 09:55:36";"2";"462"
"164253";"2005-02-26 19:44:08";"2";"3845"
"26245";"2004-10-28 09:59:23";"2";"466"
"164257";"2005-02-26 23:11:37";"2";"3850"
"26249";"2004-10-28 11:55:03";"2";"471"
"164261";"2005-02-27 20:01:37";"2";"3854"
"26253";"2004-10-28 13:22:22";"2";"476"
"164266";"2005-02-28 23:06:51";"2";"3859"
"26257";"2004-10-28 17:43:23";"2";"482"
"164272";"2005-03-02 21:10:51";"2";"3865"
"26261";"2004-10-28 18:34:30";"2";"487"
"164276";"2005-03-03 02:52:51";"2";"3869"
"26267";"2004-10-29 09:30:40";"2";"493"
"164281";"2005-03-03 21:23:15";"2";"3874"
"26271";"2004-10-29 11:59:21";"2";"498"
"26275";"2004-10-31 13:43:09";"2";"503"
"26279";"2004-11-01 13:34:49";"2";"509"
"26283";"2004-11-01 13:56:48";"2";"513"
"26287";"2004-11-01 14:03:24";"2";"517"
"26291";"2004-11-01 15:04:35";"2";"521"
"26296";"2004-11-01 18:28:24";"2";"526"
"26300";"2004-11-01 18:50:41";"2";"531"
"99455";"2005-01-26 03:40:38";"2";"3689"
"99459";"2005-01-26 04:48:40";"2";"3695"
"99463";"2005-01-26 05:11:53";"2";"3699"
"99467";"2005-01-26 05:38:00";"2";"3703"
"99473";"2005-01-26 07:04:33";"2";"3709"
"99480";"2005-01-26 19:51:06";"2";"3716"
"99484";"2005-01-26 23:13:22";"2";"3720"
"99489";"2005-01-27 00:31:08";"2";"3726"
"99494";"2005-01-27 00:55:51";"2";"3731"
"99499";"2005-01-27 01:49:20";"2";"3737"
"99504";"2005-01-27 03:09:18";"2";"3743"
"99510";"2005-01-27 05:37:29";"2";"3750"
"99514";"2005-01-27 08:24:20";"2";"3756"
"99521";"2005-01-27 22:55:58";"2";"3764"
"99525";"2005-01-28 00:31:56";"2";"3769"
"99531";"2005-01-28 03:59:03";"2";"3775"
"99535";"2005-01-28 04:23:58";"2";"3779"
"29084";"2004-09-11 15:07:47";"2";"442"
"29093";"2004-09-12 04:55:34";"2";"451"
"29100";"2004-09-13 06:20:53";"2";"458"
"29104";"2004-09-13 08:40:29";"2";"462"
"29110";"2004-09-13 13:41:51";"2";"468"
"29115";"2004-09-13 22:46:31";"2";"473"
"29119";"2004-09-14 01:17:32";"2";"478"
"29126";"2004-09-15 10:53:15";"2";"485"
"29130";"2004-09-15 10:53:28";"2";"489"
"29553";"2004-10-15 23:23:03";"2";"957"
"165087";"2005-04-17 02:49:32";"2";"4706"
"29559";"2004-10-16 14:29:36";"2";"963"
"165092";"2005-04-17 04:52:24";"2";"4713"
"29567";"2004-10-17 00:11:55";"2";"971"
"29571";"2004-10-17 03:39:21";"2";"975"
"29576";"2004-10-17 05:50:26";"2";"981"
"29582";"2004-10-17 20:38:03";"2";"988"
"29587";"2004-10-18 02:28:42";"2";"993"
"29592";"2004-10-18 16:40:19";"2";"1000"
"29597";"2004-10-18 22:11:16";"2";"1005"
"29603";"2004-10-20 01:46:35";"2";"1011"
"29609";"2004-10-20 21:38:58";"2";"1018"
"29615";"2004-10-20 23:42:24";"2";"1025"
"29620";"2004-10-21 21:38:04";"2";"1030"
"29625";"2004-10-21 21:38:24";"2";"1035"
"29629";"2004-10-21 21:38:44";"2";"1039"
"29633";"2004-10-21 23:01:48";"2";"1043"
"29637";"2004-10-22 13:26:52";"2";"1047"
"29642";"2004-10-22 13:27:13";"2";"1052"
"29646";"2004-10-22 13:27:35";"2";"1056"
"29651";"2004-10-22 21:38:14";"2";"1061"
"29656";"2004-10-22 21:48:19";"2";"1066"
"29660";"2004-10-22 21:48:40";"2";"1070"
"29664";"2004-10-23 05:34:15";"2";"1074"
"29671";"2004-10-23 18:31:44";"2";"1082"
"29675";"2004-10-23 21:52:19";"2";"1088"
"29681";"2004-10-24 18:11:59";"2";"1096"
"29687";"2004-10-24 19:09:49";"2";"1102"
"29691";"2004-10-24 20:01:09";"2";"1106"
"29698";"2004-10-24 21:42:17";"2";"1113"
"29704";"2004-10-25 06:04:26";"2";"1120"
"29709";"2004-10-25 21:36:34";"2";"1125"
"29714";"2004-10-25 21:37:00";"2";"1130"
"29719";"2004-10-26 06:42:31";"2";"1135"
"29726";"2004-10-26 17:16:10";"2";"1142"
"29731";"2004-10-26 17:16:32";"2";"1147"
"29735";"2004-10-27 13:25:07";"2";"1151"
"29740";"2004-10-27 13:25:27";"2";"1156"
"29744";"2004-10-27 13:25:48";"2";"1160"
"29748";"2004-10-27 13:26:08";"2";"1164"
"29752";"2004-10-27 13:26:30";"2";"1168"
"29756";"2004-10-27 16:19:03";"2";"1172"
"29761";"2004-10-27 17:24:50";"2";"1177"
"29765";"2004-10-27 21:28:18";"2";"1181"
"29771";"2004-10-28 18:19:50";"2";"1187"
"29775";"2004-10-28 18:20:11";"2";"1191"
"29779";"2004-10-28 18:20:32";"2";"1195"
"29783";"2004-10-28 18:41:10";"2";"1199"
"29793";"2004-10-28 19:54:32";"2";"1214"
"29798";"2004-10-29 00:40:17";"2";"1219"
"29803";"2004-10-29 00:40:44";"2";"1224"
"29808";"2004-10-29 01:04:00";"2";"1229"
"29813";"2004-10-29 20:18:20";"2";"1234"
"29818";"2004-10-30 00:23:24";"2";"1239"
"29822";"2004-10-30 00:23:46";"2";"1243"
"29828";"2004-10-30 01:10:58";"2";"1249"
"29834";"2004-10-30 14:56:14";"2";"1255"
"29838";"2004-10-30 14:56:33";"2";"1259"
"29842";"2004-10-30 14:56:54";"2";"1263"
"29846";"2004-10-30 14:57:14";"2";"1267"
"29850";"2004-10-30 14:57:34";"2";"1271"
"29858";"2004-10-30 15:32:16";"2";"1280"
"29865";"2004-10-30 16:46:13";"2";"1288"
"29870";"2004-10-30 18:38:17";"2";"1294"
"31233";"2004-09-11 16:00:36";"2";"296"
"31237";"2004-09-11 16:20:27";"2";"300"
"31241";"2004-09-11 18:23:58";"2";"307"
"31245";"2004-09-11 23:42:23";"2";"314"
"31249";"2004-09-13 01:15:12";"2";"319"
"31253";"2004-09-13 04:27:26";"2";"324"
"31259";"2004-09-14 02:57:09";"2";"331"
"31264";"2004-09-14 18:23:11";"2";"336"
"31268";"2004-09-15 17:40:25";"2";"341"
"31273";"2004-09-16 02:36:10";"2";"348"
"31278";"2004-09-16 22:11:20";"2";"353"
"31282";"2004-09-17 01:05:17";"2";"359"
"31287";"2004-09-18 19:50:59";"2";"366"
"31291";"2004-09-19 00:30:58";"2";"374"
"164286";"2005-03-04 02:05:27";"2";"3880"
"164299";"2005-03-04 16:47:28";"2";"3893"
"164316";"2005-03-05 17:00:43";"2";"3910"
"164321";"2005-03-05 21:13:30";"2";"3915"
"164325";"2005-03-06 02:29:06";"2";"3920"
"164330";"2005-03-06 20:10:41";"2";"3925"
"164355";"2005-03-08 02:25:32";"2";"3950"
"164380";"2005-03-08 21:22:29";"2";"3975"
"164385";"2005-03-08 23:21:47";"2";"3980"
"164390";"2005-03-09 00:03:54";"2";"3986"
"164396";"2005-03-09 17:28:19";"2";"3993"
"164401";"2005-03-09 17:34:12";"2";"3998"
"164405";"2005-03-09 18:01:49";"2";"4002"
"164409";"2005-03-09 19:00:46";"2";"4007"
"164414";"2005-03-09 22:30:08";"2";"4013"
"164418";"2005-03-10 00:04:36";"2";"4018"
"164427";"2005-03-11 18:10:14";"2";"4028"
"164433";"2005-03-11 22:40:39";"2";"4034"
"164438";"2005-03-12 16:48:12";"2";"4039"
"164444";"2005-03-12 18:38:03";"2";"4046"
"164449";"2005-03-13 14:19:07";"2";"4051"
"164454";"2005-03-13 19:51:32";"2";"4056"
"164459";"2005-03-14 01:44:12";"2";"4061"
"164463";"2005-03-14 03:24:24";"2";"4065"
"164467";"2005-03-15 23:06:30";"2";"4069"
"164471";"2005-03-15 23:15:28";"2";"4073"
"164475";"2005-03-15 23:57:48";"2";"4077"
"164479";"2005-03-16 00:18:40";"2";"4081"
"164483";"2005-03-16 01:03:12";"2";"4085"
"164487";"2005-03-16 01:03:35";"2";"4089"
"164491";"2005-03-16 01:07:03";"2";"4093"
"164495";"2005-03-16 01:07:30";"2";"4097"
"164499";"2005-03-16 01:07:52";"2";"4101"
"164503";"2005-03-16 01:17:50";"2";"4105"
"164507";"2005-03-16 01:21:47";"2";"4109"
"164511";"2005-03-16 01:22:06";"2";"4113"
"164515";"2005-03-16 01:22:28";"2";"4117"
"164519";"2005-03-16 01:23:36";"2";"4121"
"164523";"2005-03-16 01:27:27";"2";"4125"
"164527";"2005-03-16 02:17:54";"2";"4129"
"164531";"2005-03-16 02:18:14";"2";"4133"
"164535";"2005-03-16 02:42:21";"2";"4137"
"164539";"2005-03-16 02:42:34";"2";"4141"
"164543";"2005-03-16 03:03:00";"2";"4145"
"164547";"2005-03-16 03:03:31";"2";"4149"
"164552";"2005-03-16 23:19:24";"2";"4154"
"164556";"2005-03-17 20:09:04";"2";"4158"
"164561";"2005-03-18 00:25:30";"2";"4163"
"164566";"2005-03-18 00:27:39";"2";"4168"
"164571";"2005-03-18 03:25:39";"2";"4174"
"164576";"2005-03-18 04:23:14";"2";"4179"
"164580";"2005-03-18 05:03:14";"2";"4183"
"164585";"2005-03-18 20:08:05";"2";"4193"
"164590";"2005-03-19 00:26:16";"2";"4198"
"164594";"2005-03-19 00:50:53";"2";"4202"
"164598";"2005-03-19 01:04:07";"2";"4206"
"164602";"2005-03-19 01:05:25";"2";"4210"
"164606";"2005-03-19 01:20:53";"2";"4214"
"164610";"2005-03-19 01:31:41";"2";"4218"
"164614";"2005-03-19 01:31:57";"2";"4222"
"164618";"2005-03-19 01:32:56";"2";"4226"
"164622";"2005-03-19 01:38:19";"2";"4230"
"164626";"2005-03-19 01:39:06";"2";"4234"
"164630";"2005-03-19 01:39:56";"2";"4238"
"164637";"2005-03-19 16:04:35";"2";"4245"
"164642";"2005-03-19 23:07:26";"2";"4250"
"164648";"2005-03-20 01:36:29";"2";"4256"
"164654";"2005-03-21 03:35:10";"2";"4262"
"164658";"2005-03-21 06:29:03";"2";"4266"
"164670";"2005-03-22 01:06:07";"2";"4278"
"164675";"2005-03-22 17:05:52";"2";"4283"
"164680";"2005-03-23 01:00:48";"2";"4288"
"164689";"2005-03-23 14:38:25";"2";"4297"
"164693";"2005-03-24 00:52:06";"2";"4302"
"164698";"2005-03-25 00:19:49";"2";"4307"
"164705";"2005-03-26 23:43:33";"2";"4315"
"164709";"2005-03-27 20:31:43";"2";"4319"
"164716";"2005-03-28 19:19:09";"2";"4326"
"164721";"2005-03-28 21:41:18";"2";"4331"
"164725";"2005-03-29 00:50:04";"2";"4335"
"164733";"2005-03-29 03:21:22";"2";"4343"
"164744";"2005-03-29 17:49:20";"2";"4354"
"29136";"2004-09-15 21:17:03";"2";"495"
"164748";"2005-03-29 22:37:16";"2";"4358"
"29141";"2004-09-15 21:57:57";"2";"501"
"164752";"2005-03-29 23:33:14";"2";"4362"
"29147";"2004-09-16 21:45:50";"2";"507"
"164756";"2005-03-30 00:21:57";"2";"4367"
"29152";"2004-09-17 16:40:45";"2";"512"
"164762";"2005-03-30 21:48:42";"2";"4374"
"29157";"2004-09-17 16:43:43";"2";"518"
"164766";"2005-03-31 00:02:44";"2";"4378"
"29161";"2004-09-17 16:52:13";"2";"522"
"164771";"2005-03-31 03:14:17";"2";"4383"
"29167";"2004-09-18 00:11:28";"2";"528"
"164776";"2005-04-02 00:33:25";"2";"4388"
"29172";"2004-09-18 13:13:22";"2";"533"
"164780";"2005-04-02 18:15:37";"2";"4392"
"29181";"2004-09-18 22:35:58";"2";"543"
"164784";"2005-04-03 00:05:46";"2";"4396"
"29185";"2004-09-19 00:30:36";"2";"548"
"164789";"2005-04-03 03:26:46";"2";"4401"
"29189";"2004-09-19 11:53:35";"2";"553"
"164793";"2005-04-03 04:26:58";"2";"4405"
"29194";"2004-09-19 14:47:09";"2";"558"
"164809";"2005-04-03 18:44:46";"2";"4421"
"29199";"2004-09-19 20:07:36";"2";"565"
"164813";"2005-04-03 22:30:16";"2";"4427"
"29204";"2004-09-19 22:52:19";"2";"572"
"164820";"2005-04-04 04:36:16";"2";"4434"
"29210";"2004-09-20 04:56:40";"2";"579"
"164824";"2005-04-04 20:44:43";"2";"4438"
"29214";"2004-09-20 21:47:25";"2";"583"
"164828";"2005-04-05 02:53:28";"2";"4442"
"29218";"2004-09-20 21:50:07";"2";"587"
"164832";"2005-04-05 02:53:44";"2";"4446"
"29224";"2004-09-21 11:37:29";"2";"593"
"164837";"2005-04-05 05:45:52";"2";"4451"
"29232";"2004-09-22 12:13:48";"2";"604"
"164842";"2005-04-05 23:10:18";"2";"4457"
"29237";"2004-09-22 12:14:09";"2";"609"
"164846";"2005-04-06 01:03:48";"2";"4461"
"29241";"2004-09-22 12:14:30";"2";"613"
"164850";"2005-04-06 01:04:39";"2";"4465"
"29248";"2004-09-22 18:01:45";"2";"620"
"164854";"2005-04-06 01:44:05";"2";"4469"
"29253";"2004-09-23 11:28:07";"2";"625"
"164858";"2005-04-06 01:45:14";"2";"4473"
"29258";"2004-09-23 11:28:24";"2";"630"
"164862";"2005-04-06 02:09:09";"2";"4477"
"29267";"2004-09-23 18:49:25";"2";"639"
"164866";"2005-04-06 02:20:25";"2";"4481"
"29271";"2004-09-23 19:42:04";"2";"643"
"164870";"2005-04-06 02:21:31";"2";"4485"
"29276";"2004-09-23 23:57:04";"2";"648"
"164874";"2005-04-06 02:32:39";"2";"4489"
"29285";"2004-09-24 16:54:06";"2";"660"
"164878";"2005-04-06 02:33:36";"2";"4493"
"29294";"2004-09-24 22:01:52";"2";"667"
"164882";"2005-04-06 02:49:38";"2";"4497"
"29300";"2004-09-25 13:27:29";"2";"673"
"164886";"2005-04-06 03:11:07";"2";"4501"
"29310";"2004-09-25 18:17:42";"2";"684"
"164890";"2005-04-06 03:12:08";"2";"4505"
"29314";"2004-09-25 19:06:16";"2";"688"
"164894";"2005-04-06 03:28:36";"2";"4509"
"29318";"2004-09-25 19:18:22";"2";"692"
"164898";"2005-04-06 03:31:14";"2";"4513"
"29323";"2004-09-25 20:21:56";"2";"700"
"164902";"2005-04-06 03:46:24";"2";"4517"
"29327";"2004-09-26 14:14:53";"2";"705"
"164906";"2005-04-06 03:58:53";"2";"4521"
"29334";"2004-09-26 16:22:21";"2";"712"
"164910";"2005-04-06 04:14:55";"2";"4525"
"29340";"2004-09-26 18:01:43";"2";"718"
"164914";"2005-04-06 04:24:39";"2";"4529"
"29350";"2004-09-26 21:01:39";"2";"728"
"164918";"2005-04-06 04:27:37";"2";"4533"
"29356";"2004-09-27 12:13:16";"2";"734"
"164922";"2005-04-06 04:28:39";"2";"4537"
"29361";"2004-09-27 12:13:36";"2";"739"
"164926";"2005-04-06 04:45:21";"2";"4541"
"29367";"2004-09-27 17:18:38";"2";"745"
"164930";"2005-04-06 04:55:20";"2";"4545"
"29372";"2004-09-28 17:58:54";"2";"750"
"164934";"2005-04-06 04:56:25";"2";"4549"
"29378";"2004-09-28 21:39:04";"2";"758"
"164938";"2005-04-06 23:33:53";"2";"4553"
"29384";"2004-09-28 21:42:37";"2";"764"
"164942";"2005-04-06 23:36:44";"2";"4557"
"29389";"2004-09-29 12:35:06";"2";"770"
"164946";"2005-04-06 23:37:17";"2";"4561"
"29395";"2004-09-29 18:53:12";"2";"776"
"164950";"2005-04-07 03:00:10";"2";"4565"
"29404";"2004-09-30 21:44:38";"2";"785"
"164955";"2005-04-08 00:16:46";"2";"4570"
"29408";"2004-10-02 15:02:15";"2";"790"
"164961";"2005-04-08 03:23:25";"2";"4576"
"29412";"2004-10-02 17:21:32";"2";"795"
"164966";"2005-04-08 17:14:16";"2";"4581"
"29416";"2004-10-02 17:32:07";"2";"800"
"164970";"2005-04-09 02:33:15";"2";"4585"
"29420";"2004-10-02 18:27:09";"2";"806"
"164974";"2005-04-09 02:34:12";"2";"4589"
"29424";"2004-10-03 16:46:06";"2";"810"
"164978";"2005-04-09 02:43:09";"2";"4593"
"29430";"2004-10-03 20:07:14";"2";"817"
"164982";"2005-04-09 02:43:20";"2";"4597"
"29436";"2004-10-04 00:46:23";"2";"823"
"164986";"2005-04-09 02:44:14";"2";"4601"
"29446";"2004-10-04 21:33:47";"2";"834"
"164990";"2005-04-09 02:49:55";"2";"4605"
"29453";"2004-10-05 19:27:16";"2";"843"
"164995";"2005-04-11 22:48:59";"2";"4610"
"29458";"2004-10-06 12:33:46";"2";"848"
"164999";"2005-04-11 22:49:11";"2";"4614"
"29463";"2004-10-06 16:21:19";"2";"854"
"165005";"2005-04-12 06:03:51";"2";"4620"
"29469";"2004-10-06 22:16:06";"2";"862"
"165011";"2005-04-13 01:59:42";"2";"4626"
"29474";"2004-10-07 20:19:38";"2";"868"
"165019";"2005-04-13 16:15:00";"2";"4635"
"29478";"2004-10-07 20:19:59";"2";"872"
"165023";"2005-04-15 20:23:41";"2";"4639"
"29483";"2004-10-08 03:23:03";"2";"877"
"165028";"2005-04-16 00:31:33";"2";"4644"
"29491";"2004-10-08 17:14:56";"2";"885"
"165032";"2005-04-16 00:42:16";"2";"4648"
"29498";"2004-10-08 20:05:36";"2";"893"
"165036";"2005-04-16 01:08:04";"2";"4652"
"29502";"2004-10-10 19:42:38";"2";"898"
"165040";"2005-04-16 01:11:10";"2";"4656"
"29507";"2004-10-10 19:51:20";"2";"903"
"165044";"2005-04-16 01:20:13";"2";"4660"
"29512";"2004-10-11 17:44:52";"2";"908"
"165048";"2005-04-16 01:25:14";"2";"4664"
"29516";"2004-10-11 19:38:42";"2";"912"
"165052";"2005-04-16 01:26:11";"2";"4668"
"29520";"2004-10-11 23:48:23";"2";"916"
"165056";"2005-04-16 02:07:14";"2";"4672"
"29524";"2004-10-12 13:58:55";"2";"921"
"165061";"2005-04-16 03:36:26";"2";"4677"
"29530";"2004-10-13 21:51:32";"2";"927"
"165065";"2005-04-16 06:15:00";"2";"4681"
"29535";"2004-10-14 20:47:32";"2";"933"
"165071";"2005-04-16 16:22:46";"2";"4687"
"29539";"2004-10-14 21:45:51";"2";"937"
"165075";"2005-04-16 18:10:34";"2";"4692"
"29543";"2004-10-15 00:01:40";"2";"942"
"165079";"2005-04-16 19:53:45";"2";"4697"
"29547";"2004-10-15 04:44:09";"2";"948"
"165083";"2005-04-16 23:50:02";"2";"4702"
